id,Q1,Q2,Q3,Q4,Q5,Q6,Q7,Q8
-3.8634262120068317,-2.130391838049134,16,0,2,254,27,10,2
0.41094260635168856,1.7883373163595666,18,42,14,281,37,0,4
-0.5035193412419864,0.8086550277573914,17,36,2,332,27,9,1
1.0745694537279913,-1.150709549446959,18,34,28,254,27,0,4
0.1513543855228854,1.7883373163595666,19,14,5,308,37,0,4
0.18175115136203493,-0.1710272608447838,20,36,4,21,25,10,4
-0.5117702336216139,-1.150709549446959,16,54,30,121,27,0,0
2.174521028267727,-1.150709549446959,14,36,5,68,34,5,4
-0.4664341708554866,-1.150709549446959,4,42,33,21,25,0,2
0.390446911368092,0.8086550277573914,18,57,2,159,25,20,4
0.15049342283979383,-1.150709549446959,15,50,30,263,25,0,4
0.4224539962996906,0.8086550277573914,14,33,2,21,27,0,0
0.39043893949139674,0.8086550277573914,16,25,2,332,25,0,0
0.23884573225371838,-1.150709549446959,16,29,2,332,25,26,4
0.4225576306967294,0.8086550277573914,17,44,2,21,27,0,2
0.24319837692934798,-1.150709549446959,15,33,7,196,0,10,4
0.27491847429991606,-1.150709549446959,9,57,14,128,6,9,4
0.3747981174152333,-1.150709549446959,15,1,10,268,27,27,1
0.4277393505486694,0.8086550277573914,16,26,8,147,37,26,4
0.38384619746439,-0.1710272608447838,2,8,8,191,37,26,0
0.21990455322570387,0.8086550277573914,6,33,2,9,37,1,1
0.2535458728798374,-1.150709549446959,17,9,25,268,27,0,4
1.273005408427207,-0.1710272608447838,15,22,28,221,27,0,4
0.3577622169173936,-0.1710272608447838,15,35,28,268,25,20,4
0.3754836988110284,-2.130391838049134,2,41,7,9,37,5,0
0.285417435907616,0.8086550277573914,18,22,5,313,37,1,4
0.37667150843862696,0.8086550277573914,17,8,10,29,37,4,4
0.37700632725982924,0.8086550277573914,4,22,8,21,27,21,1
1.0889507192862986,0.8086550277573914,16,15,2,332,2,5,2
-0.49544383014965526,-0.1710272608447838,16,33,5,201,27,1,1
0.21768837150441261,0.8086550277573914,19,18,5,9,14,0,4
-0.4644491735583588,-0.1710272608447838,18,33,2,9,27,9,0
0.4124732066771847,1.7883373163595666,15,7,2,128,37,0,4
0.18523486147787768,1.7883373163595666,15,7,2,38,37,19,4
1.0797113141964547,-0.1710272608447838,18,36,21,130,25,26,0
1.3113341915781724,1.7883373163595666,15,14,6,348,34,4,4
0.4192811893749643,-1.150709549446959,17,24,8,297,14,10,0
-0.6311490871336161,-2.130391838049134,17,41,30,247,34,0,0
-0.6677081136582266,0.8086550277573914,19,26,35,332,27,20,2
-0.45831082850298377,1.7883373163595666,7,33,8,21,37,5,4
-0.6311490871336161,-2.130391838049134,15,7,2,229,37,0,4
-0.4742306662634825,-0.1710272608447838,17,34,11,332,35,5,0
0.15722168677062054,-1.150709549446959,17,15,21,197,27,20,4
0.1741140934879449,1.7883373163595666,9,56,14,142,6,10,4
0.211916732777021,1.7883373163595666,15,7,14,37,37,0,4
-1.3575305478552597,0.8086550277573914,16,33,14,98,37,1,4
-3.9396054657070447,-2.130391838049134,14,35,28,115,3,23,4
-0.6167997090820899,-0.1710272608447838,18,18,2,21,14,0,2
0.3677509784165949,-0.1710272608447838,18,33,5,347,37,5,2
0.421345905439045,-0.1710272608447838,18,50,28,49,25,7,4
0.3924319086652198,-1.150709549446959,20,33,2,21,37,1,3
0.18351293611169453,0.8086550277573914,5,33,5,21,37,16,2
-0.49372987666016743,0.8086550277573914,15,7,2,83,0,9,4
0.3805697561426249,-0.1710272608447838,19,34,8,59,27,10,0
0.3832323629588525,0.8086550277573914,2,33,6,221,27,1,0
-0.674021840000898,-2.130391838049134,15,56,31,135,34,10,4
0.41111001576228967,-1.150709549446959,17,51,8,28,34,0,0
0.1575724493452134,0.8086550277573914,16,55,28,7,27,0,0
-0.4456833758176407,-0.1710272608447838,4,33,33,332,20,5,2
1.042681946946822,0.8086550277573914,2,44,8,21,37,6,2
0.195988923139827,0.8086550277573914,15,35,25,68,31,10,4
-0.45573591233040434,-0.1710272608447838,15,25,32,279,0,1,0
0.3943292153186994,0.8086550277573914,14,41,25,133,37,10,4
0.30910188156932944,0.8086550277573914,13,34,7,21,25,6,4
0.4075705025095799,-1.150709549446959,16,22,30,327,6,5,0
0.42026970208518055,-0.1710272608447838,16,35,30,115,27,9,0
-0.4456833758176407,-0.1710272608447838,19,34,13,268,25,2,0
0.20080393666378354,-2.130391838049134,16,18,33,57,14,26,2
0.3609748832255964,1.7883373163595666,14,34,8,187,37,17,0
-0.470372277942961,0.8086550277573914,16,45,24,295,37,10,4
0.1708137365360939,1.7883373163595666,19,33,14,262,37,0,0
-0.6649179568148743,-0.1710272608447838,5,41,5,21,34,26,4
-0.47533078524743283,-1.150709549446959,15,15,2,268,25,0,4
1.1682868361578476,1.7883373163595666,16,34,8,77,34,5,4
-1.395939049773178,-0.1710272608447838,16,35,28,268,27,2,4
-0.48742412219419123,0.8086550277573914,14,26,5,128,34,5,4
-0.449645398535201,1.7883373163595666,18,35,2,54,37,0,0
0.3631910649468877,-1.150709549446959,18,27,2,87,27,0,0
0.32490214117939875,-0.1710272608447838,14,34,21,115,30,13,0
0.39550108119290733,1.7883373163595666,15,9,33,332,6,2,4
-0.5884995468138022,0.8086550277573914,16,26,18,80,34,5,4
0.3628562461256854,-2.130391838049134,2,28,28,221,25,2,0
0.4225576306967294,0.8086550277573914,15,41,32,191,37,1,4
0.16386226005779903,1.7883373163595666,16,15,35,255,6,10,0
0.35803326072503355,0.8086550277573914,14,7,28,259,37,10,0
0.3906701239155602,-0.1710272608447838,15,52,19,332,37,20,2
-2.8156186829310026,0.8086550277573914,2,33,33,259,27,26,0
0.1750786905680753,-0.1710272608447838,15,0,21,317,27,0,4
0.27947838776962325,-1.150709549446959,15,10,2,92,37,6,4
0.38619790108950125,-0.1710272608447838,17,35,25,221,37,13,3
0.3924319086652198,0.8086550277573914,16,57,5,348,37,6,1
0.34580440187445516,-0.1710272608447838,18,51,14,74,27,6,0
-4.591744838765432,0.8086550277573914,14,33,5,135,37,20,4
0.384691216394091,0.8086550277573914,14,49,22,348,37,26,0
0.39084550520285666,-1.150709549446959,14,49,33,332,34,0,4
1.2471047810442024,-0.1710272608447838,19,18,2,332,37,0,0
1.037715467765655,0.8086550277573914,15,35,33,185,6,0,3
0.27947838776962325,0.8086550277573914,2,33,2,34,34,9,2
0.4224539962996906,-1.150709549446959,9,56,14,136,37,0,4
0.38487456955808275,-0.1710272608447838,20,1,33,221,27,0,4
0.40659793355275425,-0.1710272608447838,16,42,8,332,37,2,1
1.0354115954007155,-0.1710272608447838,17,36,2,183,14,0,2
0.3574672574796678,-0.1710272608447838,18,25,8,332,25,26,0
-1.4537989308276096,-2.130391838049134,14,50,8,255,34,0,4
-4.591744838765432,-0.1710272608447838,17,24,25,189,37,2,4
-0.4560308717681302,-1.150709549446959,9,33,2,332,33,10,4
1.0530134991439208,-0.1710272608447838,19,41,2,332,14,0,0
0.23884573225371838,-1.150709549446959,15,56,5,136,37,16,4
-2.1470731876337044,0.8086550277573914,18,27,32,13,27,0,4
1.0421717468383234,0.8086550277573914,15,3,2,241,14,0,0
-0.6677081136582266,-1.150709549446959,14,14,33,332,37,10,4
-0.44514926007905614,0.8086550277573914,17,10,35,214,37,9,4
0.3728689232549725,1.7883373163595666,17,43,35,83,37,9,4
0.17228056184802767,0.8086550277573914,7,36,2,310,27,20,1
-0.4899830946133801,-0.1710272608447838,18,50,25,332,25,10,0
2.0181048356293974,0.8086550277573914,16,16,32,268,27,0,4
1.0530134991439208,-0.1710272608447838,15,15,14,288,27,0,0
1.2875939427795922,-0.1710272608447838,14,53,2,302,37,9,4
0.39094913959989547,-0.1710272608447838,3,37,4,140,27,20,2
-0.674021840000898,-1.150709549446959,14,44,19,20,27,1,2
0.42416794978917843,-1.150709549446959,17,35,32,21,27,0,0
0.3628562461256854,-1.150709549446959,4,41,2,103,25,1,2
-0.450817264409409,1.7883373163595666,19,29,2,34,25,9,1
0.4275400536312871,-1.150709549446959,18,35,12,45,27,10,3
0.3653434716546166,-0.1710272608447838,14,34,14,264,34,10,4
-0.4710897468455373,-0.1710272608447838,16,35,30,212,25,20,0
0.38276202223383027,0.8086550277573914,15,7,2,311,37,26,1
0.319289939985913,0.8086550277573914,16,8,14,344,27,0,2
0.16280997233402045,-0.1710272608447838,14,34,2,187,37,20,4
-4.1114870991342425,1.7883373163595666,18,3,14,324,27,4,4
0.39229638676139983,-0.1710272608447838,14,33,10,229,37,4,4
0.39094913959989547,0.8086550277573914,18,35,28,221,27,10,4
0.40659793355275425,0.8086550277573914,20,11,5,27,37,16,1
1.0385844023254418,-0.1710272608447838,16,34,32,177,37,0,4
2.0635684484226493,0.8086550277573914,15,18,2,51,37,4,4
0.18219757645697132,-0.1710272608447838,17,43,30,115,37,0,4
0.2931740719321354,-1.150709549446959,18,33,35,21,25,0,2
1.1202801946987972,-1.150709549446959,15,22,32,21,14,26,2
0.4275400536312871,0.8086550277573914,15,34,23,187,37,26,4
0.20004660837773078,-0.1710272608447838,18,29,5,21,34,6,2
1.0572864250525975,0.8086550277573914,16,5,25,283,27,12,0
1.0745694537279913,-0.1710272608447838,18,41,33,57,27,1,0
0.3798124278565721,-0.1710272608447838,17,33,5,21,25,10,1
-4.1114870991342425,1.7883373163595666,2,21,2,80,27,26,1
-0.47533078524743283,0.8086550277573914,16,33,9,165,25,5,2
0.29279939372745667,-0.1710272608447838,16,35,2,285,25,0,0
0.2817184851210004,-1.150709549446959,18,35,25,129,27,20,4
-1.5405010617656085,1.7883373163595666,3,35,14,221,34,0,4
0.36239387727735844,-0.1710272608447838,15,35,2,115,27,21,0
-0.45573591233040434,-0.1710272608447838,15,35,25,37,25,2,4
0.40427811743442416,1.7883373163595666,14,33,5,42,27,1,4
-1.5501231169368264,0.8086550277573914,14,56,22,53,34,10,4
-0.7222277783773307,-1.150709549446959,3,35,14,254,27,0,4
0.285417435907616,-0.1710272608447838,14,30,17,42,34,17,4
0.39084550520285666,-1.150709549446959,16,34,14,332,27,27,4
0.3943292153186994,0.8086550277573914,20,7,5,21,27,26,0
0.2931740719321354,-0.1710272608447838,18,34,8,135,1,0,4
-0.49421616113858025,1.7883373163595666,21,53,36,332,25,0,4
-0.5181397631011525,-1.150709549446959,11,35,13,110,27,0,4
0.3548365381702213,-0.1710272608447838,18,33,35,273,27,9,0
-0.5884437436769352,-1.150709549446959,18,29,8,21,25,6,2
0.36071978317134706,-0.1710272608447838,19,41,5,183,27,1,2
0.3965214814099048,-0.1710272608447838,16,34,21,250,27,26,1
0.17610706266176798,-0.1710272608447838,17,44,30,21,27,1,2
0.3912201834075354,-1.150709549446959,14,7,22,324,34,10,4
-0.6219176539204676,0.8086550277573914,16,33,2,21,25,1,2
0.1916362784641974,0.8086550277573914,17,44,33,332,27,1,1
0.195988923139827,-2.130391838049134,14,0,33,283,27,27,0
-1.4848334468023825,1.7883373163595666,15,9,11,135,25,0,0
0.408582930849882,-0.1710272608447838,15,34,13,115,27,0,4
0.3393551536279637,0.8086550277573914,16,18,25,26,27,0,2
0.3748300049220144,0.8086550277573914,16,56,11,135,6,4,4
0.408582930849882,0.8086550277573914,16,35,2,147,37,20,4
0.36031321745988715,-1.150709549446959,7,32,14,268,27,5,2
0.40006896653930984,0.8086550277573914,2,21,5,21,27,19,4
1.0846140183640596,1.7883373163595666,15,7,14,324,27,5,4
0.27695927473391085,0.8086550277573914,16,33,19,30,6,10,4
0.3798124278565721,-1.150709549446959,17,34,28,63,27,10,1
0.1708137365360939,0.8086550277573914,17,32,33,21,14,9,2
-1.3438667511995288,-1.150709549446959,15,7,28,226,31,10,4
0.39923191948630415,-1.150709549446959,17,35,13,115,27,11,4
1.0744339318241714,-0.1710272608447838,15,21,8,332,37,26,0
1.0797113141964547,-1.150709549446959,16,35,33,132,34,8,0
0.3571404105351608,-1.150709549446959,14,35,25,157,16,12,2
-0.49656786476369147,0.8086550277573914,10,41,2,208,27,26,2
0.21298496425419017,-1.150709549446959,14,16,13,124,25,12,4
0.40958738731348887,-0.1710272608447838,4,36,5,21,25,20,0
0.15459096746117407,-1.150709549446959,18,16,8,93,25,22,2
0.2900490962675808,-1.150709549446959,16,35,8,143,27,3,4
0.3632628118371453,0.8086550277573914,17,41,2,229,27,27,0
0.3453739205329094,-0.1710272608447838,17,34,25,115,25,0,4
-1.4380066430942355,-0.1710272608447838,2,20,25,115,27,0,2
-0.5035193412419864,-2.130391838049134,14,34,30,332,27,4,4
1.321442531227803,0.8086550277573914,2,33,9,60,26,9,1
1.3135982045596355,0.8086550277573914,14,33,14,332,37,10,4
-0.5181397631011525,1.7883373163595666,2,57,9,299,34,10,4
0.2884148615450459,-1.150709549446959,16,35,19,115,27,20,2
0.16280997233402045,-0.1710272608447838,14,35,8,115,25,10,2
-0.49413644237162735,-0.1710272608447838,18,35,25,55,27,1,0
1.2468656247433436,0.8086550277573914,16,34,22,135,35,10,4
1.1202801946987972,-1.150709549446959,14,23,1,135,14,7,4
0.17432136228202252,-0.1710272608447838,2,22,30,21,25,0,0
0.40427811743442416,-0.1710272608447838,18,33,5,21,27,10,2
0.3965214814099048,-0.1710272608447838,15,35,1,329,0,26,1
1.0385844023254418,0.8086550277573914,5,34,25,49,27,20,4
-2.149624188176198,1.7883373163595666,16,35,13,268,27,12,2
0.39063026453208377,0.8086550277573914,2,36,2,279,25,1,1
1.2924009844268534,-1.150709549446959,18,35,30,268,37,0,4
1.158808274767145,-2.130391838049134,14,41,33,7,37,19,0
-2.8121588884452455,-1.150709549446959,18,42,30,21,25,1,2
1.2879845647376613,0.8086550277573914,16,41,2,21,27,19,4
0.23712380688753526,-1.150709549446959,16,34,32,21,27,19,0
0.17251971814888645,-0.1710272608447838,9,14,19,83,6,16,4
0.17610706266176798,-1.150709549446959,9,15,13,15,34,9,4
0.400045050909224,0.8086550277573914,17,44,5,21,27,1,3
0.40793720883756335,0.8086550277573914,19,44,33,21,27,0,0
0.319289939985913,1.7883373163595666,19,35,2,21,27,0,1
0.3393551536279637,1.7883373163595666,14,53,14,266,25,0,4
0.38163798761979406,-0.1710272608447838,15,35,30,221,14,12,4
0.1592305996978342,0.8086550277573914,16,14,2,344,0,5,0
0.24043213571608155,0.8086550277573914,17,35,33,320,34,10,0
0.3574672574796678,-1.150709549446959,18,34,14,332,34,0,4
-0.30478045522834935,-2.130391838049134,9,33,2,187,37,0,4
0.15927045908131066,0.8086550277573914,15,23,32,31,27,1,0
0.2535458728798374,0.8086550277573914,16,56,2,136,34,4,4
-2.1646272601167382,-0.1710272608447838,18,33,2,21,37,9,1
1.273005408427207,-1.150709549446959,15,23,2,21,25,22,0
0.35700488863134083,-1.150709549446959,14,35,8,115,27,5,4
0.4003320384702545,-0.1710272608447838,17,44,30,254,37,26,4
0.38049003737567194,-1.150709549446959,14,56,8,29,37,0,4
-0.4508013206560184,-1.150709549446959,14,43,25,254,25,0,4
0.35719621367202786,1.7883373163595666,2,22,5,21,27,9,0
-0.49656786476369147,-1.150709549446959,15,33,28,78,37,5,4
0.3805856998960155,-1.150709549446959,17,36,7,267,34,20,0
0.16909181116991076,-0.1710272608447838,7,45,8,332,25,10,0
0.2506201941326651,0.8086550277573914,19,51,33,319,27,0,2
0.21768837150441261,-0.1710272608447838,17,24,28,221,25,12,4
-0.4916093574592197,-1.150709549446959,16,35,8,193,27,0,2
-4.446983529855618,-1.150709549446959,16,22,8,180,14,1,0
-0.47098611244849853,-0.1710272608447838,15,34,2,115,27,20,4
-0.6099518670008338,-1.150709549446959,9,9,21,132,34,20,4
0.3980999129955726,-1.150709549446959,15,35,28,190,27,0,4
0.16640528872359725,0.8086550277573914,16,0,19,254,34,0,4
0.41094260635168856,0.8086550277573914,2,43,11,9,25,5,2
0.3713941260663434,1.7883373163595666,19,33,14,255,34,4,4
0.3548365381702213,1.7883373163595666,15,50,14,147,36,0,4
1.05939897237685,-0.1710272608447838,2,50,14,332,27,0,4
0.16769673274823463,-1.150709549446959,19,35,21,268,34,0,2
0.20279690583760662,-0.1710272608447838,16,43,33,294,27,5,2
0.4173838827214847,0.8086550277573914,2,33,5,21,25,20,0
0.3917224116393388,0.8086550277573914,20,27,2,191,37,9,2
0.36299176802950534,0.8086550277573914,17,35,4,121,37,0,2
0.319289939985913,-1.150709549446959,14,35,21,268,27,0,4
0.35492422881386954,-1.150709549446959,18,44,2,21,14,1,2
0.39508654360475215,1.7883373163595666,18,24,28,24,30,12,4
-3.0090881584490514,0.8086550277573914,16,33,2,126,34,10,4
1.0744339318241714,-1.150709549446959,15,25,11,332,32,20,0
0.40958738731348887,-1.150709549446959,16,35,5,348,34,20,4
-1.395939049773178,-0.1710272608447838,16,33,6,147,34,0,4
0.18718797126822428,-1.150709549446959,17,50,8,331,25,0,4
-1.3567333601857305,-0.1710272608447838,15,35,32,254,27,10,4
0.38598266041872836,-2.130391838049134,14,16,14,254,22,0,1
1.085116246595863,-2.130391838049134,9,49,9,42,6,4,4
0.3905505457651308,-1.150709549446959,9,42,11,133,37,1,4
0.37667150843862696,-0.1710272608447838,18,33,6,34,27,0,2
-3.099273999502893,-0.1710272608447838,16,51,28,0,27,2,0
-1.5030731006812112,1.7883373163595666,16,7,2,229,6,26,0
0.20438330929996978,-0.1710272608447838,19,29,32,183,14,19,1
1.1149470091896467,-0.1710272608447838,17,36,4,25,27,0,1
1.0559471497677884,-0.1710272608447838,2,41,2,127,14,0,0
0.3806733905396637,0.8086550277573914,1,36,6,318,27,20,1
0.38876484538538536,-0.1710272608447838,2,46,6,332,31,11,4
0.17094925843991388,-0.1710272608447838,17,43,25,115,25,0,0
0.15244653263014044,-0.1710272608447838,4,40,33,21,34,0,0
-2.259946989762348,-0.1710272608447838,4,7,2,144,27,26,2
0.15722168677062054,-0.1710272608447838,18,41,32,21,37,1,0
0.3771817085471256,-0.1710272608447838,15,34,5,115,27,0,3
0.4069885555108236,-1.150709549446959,20,41,2,332,27,26,0
-0.45422922763499407,0.8086550277573914,15,41,5,279,27,1,2
0.19734414217802668,-1.150709549446959,18,21,33,294,25,20,0
-2.9933118144690676,-0.1710272608447838,15,35,33,221,25,22,0
0.15244653263014044,-1.150709549446959,18,35,30,268,25,20,4
0.3713941260663434,0.8086550277573914,19,36,33,127,25,26,0
1.0559471497677884,0.8086550277573914,2,0,35,254,14,26,4
-1.3565021757615672,-1.150709549446959,14,56,22,324,37,9,4
0.3917224116393388,-0.1710272608447838,16,32,21,94,27,20,4
0.2898737149802844,-2.130391838049134,15,57,5,332,6,0,1
-1.3575305478552597,-0.1710272608447838,19,33,5,21,37,26,0
-1.0118221430872139,0.8086550277573914,15,34,14,332,35,10,4
-0.5041252038708286,-0.1710272608447838,18,33,35,280,27,4,2
0.4022612326305152,-1.150709549446959,18,34,8,221,27,9,1
0.20364989664400288,0.8086550277573914,18,35,7,224,27,20,0
-0.6099518670008338,0.8086550277573914,9,10,2,332,25,26,0
1.2775334343901332,0.8086550277573914,14,42,33,268,25,20,4
0.41111001576228967,-1.150709549446959,15,49,14,43,37,5,0
0.3844600319699275,-1.150709549446959,15,54,28,309,27,2,4
1.3020150677213758,1.7883373163595666,15,15,4,139,37,1,0
1.0889507192862986,-1.150709549446959,2,18,2,332,27,2,0
-1.3469040362204352,-0.1710272608447838,17,27,35,15,1,5,2
1.0427218063302985,-1.150709549446959,14,7,14,178,34,19,4
0.24043213571608155,-1.150709549446959,16,9,13,115,27,15,0
0.20279690583760662,-0.1710272608447838,19,35,6,127,27,25,4
0.38589496977508014,-0.1710272608447838,17,39,2,229,34,0,2
0.21003536987693203,-1.150709549446959,16,9,28,221,0,0,4
-1.3424716727778527,-1.150709549446959,16,42,28,240,34,3,2
0.3997580633481934,-0.1710272608447838,19,36,4,221,37,14,1
-4.446983529855618,0.8086550277573914,18,58,14,51,27,0,4
1.0745694537279913,0.8086550277573914,15,34,2,145,34,10,4
0.40594423966374027,-0.1710272608447838,2,54,8,328,27,0,0
0.3925754024457351,-1.150709549446959,16,19,30,5,27,0,2
0.2321892152131493,-1.150709549446959,17,22,30,21,27,0,2
0.18219757645697132,-0.1710272608447838,17,45,8,100,34,27,4
1.2724792645653178,-0.1710272608447838,4,35,21,115,25,20,4
0.20799456944293718,-0.1710272608447838,18,18,5,28,14,0,2
-1.3818527436525967,-0.1710272608447838,16,33,21,83,34,5,4
-3.099273999502893,1.7883373163595666,14,8,14,142,37,10,0
1.0354115954007155,-2.130391838049134,19,36,2,142,37,1,4
0.18786558078732413,-0.1710272608447838,17,42,33,221,27,0,4
0.3965214814099048,-0.1710272608447838,14,43,2,221,27,13,1
0.3902795019574909,0.8086550277573914,20,41,4,72,12,26,4
-4.08974779138618,-1.150709549446959,16,50,7,268,25,20,0
-1.3731394824246421,-0.1710272608447838,7,29,2,21,25,0,0
0.36374112443886286,1.7883373163595666,18,35,32,21,34,20,4
0.16661255751767487,-0.1710272608447838,14,18,30,21,27,0,4
0.3677509784165949,-1.150709549446959,14,12,25,108,37,10,0
0.40006896653930984,1.7883373163595666,16,33,14,332,34,14,0
-0.46908880579501894,-0.1710272608447838,2,30,2,136,27,9,2
-1.3930851179162635,-0.1710272608447838,16,19,19,254,27,0,1
0.18786558078732413,-1.150709549446959,14,18,30,221,14,26,0
0.3677509784165949,-0.1710272608447838,15,34,2,80,37,4,4
0.17251971814888645,0.8086550277573914,18,15,8,268,37,16,4
0.15845732765839085,-1.150709549446959,16,18,35,183,34,26,4
0.3728051482414102,-0.1710272608447838,3,30,36,326,37,12,3
-1.3604482547257368,-0.1710272608447838,16,21,30,34,27,2,1
-1.369615912925323,1.7883373163595666,18,7,19,221,37,26,4
0.18476452075285543,0.8086550277573914,16,35,6,21,27,0,2
1.0530134991439208,0.8086550277573914,14,7,8,131,34,19,4
-1.3714095851817636,-0.1710272608447838,17,4,33,254,27,5,2
0.16386226005779903,-0.1710272608447838,15,35,30,254,25,10,4
1.0440531097384123,-0.1710272608447838,16,7,8,105,27,0,4
-1.3714095851817636,-2.130391838049134,9,49,8,255,31,5,4
0.3894583986578758,-1.150709549446959,15,19,28,323,14,20,4
0.2001103833912931,-0.1710272608447838,14,7,25,233,25,0,0
1.2903043808559915,-1.150709549446959,16,7,32,83,37,10,4
-1.5530487956839987,-0.1710272608447838,2,33,5,258,37,20,2
0.4188188205266373,0.8086550277573914,16,33,33,293,6,16,2
-2.2842851293130755,-0.1710272608447838,16,35,25,258,25,23,4
0.400045050909224,-1.150709549446959,14,20,8,199,25,20,2
-0.4933073671953169,-0.1710272608447838,15,35,28,253,27,1,0
0.1575724493452134,0.8086550277573914,18,29,5,150,27,26,0
-0.4769012449564054,-1.150709549446959,17,23,25,115,27,0,4
1.0354115954007155,-1.150709549446959,17,39,17,349,27,0,2
0.36236996164727253,-0.1710272608447838,9,8,22,158,34,9,4
-2.8156186829310026,-0.1710272608447838,16,35,25,227,27,27,4
-0.6649179568148743,0.8086550277573914,19,36,30,335,34,9,4
0.2321892152131493,-1.150709549446959,16,52,2,142,27,0,2
1.0773596105713437,-1.150709549446959,17,35,14,37,27,0,0
0.390446911368092,0.8086550277573914,16,33,25,285,34,20,4
-1.4537989308276096,-0.1710272608447838,17,41,32,21,27,0,4
1.0437342346706007,-0.1710272608447838,20,29,32,21,34,0,0
0.35803326072503355,-1.150709549446959,15,35,25,289,37,0,4
0.3805697561426249,-0.1710272608447838,7,35,9,21,14,10,0
0.17666509403043845,-0.1710272608447838,19,33,6,21,37,9,2
0.3894424549044852,-0.1710272608447838,17,35,33,328,27,20,4
0.3806733905396637,-1.150709549446959,15,9,33,337,27,0,4
-1.3797162806982584,0.8086550277573914,15,50,2,42,37,1,0
0.35720418554872313,-0.1710272608447838,14,15,25,115,25,20,0
0.34553335806681523,-0.1710272608447838,18,32,5,21,25,10,1
0.15266974517760865,0.8086550277573914,16,14,32,320,6,2,4
-0.4850564748156894,-0.1710272608447838,15,48,28,240,0,20,4
0.17293425573704166,-2.130391838049134,9,3,35,135,25,4,4
1.041916646784074,-2.130391838049134,9,52,1,348,35,0,0
0.39787670044810447,-0.1710272608447838,16,34,8,135,9,20,2
0.19852397992892995,0.8086550277573914,17,35,21,168,25,22,3
-0.449645398535201,-0.1710272608447838,18,59,5,294,37,0,1
0.24367668953106553,0.8086550277573914,2,21,28,21,37,2,1
1.0373168739308904,-0.1710272608447838,18,31,2,109,27,5,2
0.18973099993402254,0.8086550277573914,17,35,8,332,25,20,4
-0.4421279188115404,-1.150709549446959,15,0,30,332,27,26,4
-3.458136000818171,1.7883373163595666,16,8,22,332,34,5,4
0.380163190431165,-1.150709549446959,14,42,1,206,6,0,1
-0.49762812436416537,-0.1710272608447838,16,35,30,254,27,12,0
0.17143554291832672,1.7883373163595666,15,8,14,203,37,9,4
1.0664062519920119,-1.150709549446959,9,25,2,332,34,1,4
0.4003320384702545,-1.150709549446959,15,43,21,254,27,0,4
-0.6167997090820899,-1.150709549446959,14,7,5,176,34,5,4
0.3385818815885203,-0.1710272608447838,15,36,32,21,37,26,4
-0.6677081136582266,-0.1710272608447838,16,1,13,332,27,0,0
-1.5501231169368264,-0.1710272608447838,16,25,8,21,27,0,2
0.27491847429991606,-0.1710272608447838,17,35,2,102,27,2,0
0.3813430281820682,-0.1710272608447838,16,29,2,21,37,4,1
0.41995082701736886,-1.150709549446959,2,34,28,254,27,20,2
-0.469471455876393,-0.1710272608447838,15,25,2,115,37,24,4
-0.6317629216391536,0.8086550277573914,17,36,7,6,37,0,4
-2.259946989762348,-0.1710272608447838,19,33,18,21,23,5,4
-0.641400920563762,-1.150709549446959,9,8,2,181,6,5,0
0.2884148615450459,0.8086550277573914,14,32,5,332,35,1,0
1.0427218063302985,-0.1710272608447838,15,33,14,105,14,4,4
-0.7004725268758779,-1.150709549446959,18,10,35,32,27,10,4
-0.49372987666016743,-0.1710272608447838,18,33,5,21,27,0,2
0.18523486147787768,0.8086550277573914,16,41,2,21,37,4,0
1.1319829096874865,-1.150709549446959,13,22,2,151,34,0,4
0.3948952185640651,0.8086550277573914,18,41,2,21,25,0,0
0.28066619739722176,-0.1710272608447838,4,34,28,307,25,4,4
1.0370059707397739,-0.1710272608447838,14,51,14,259,34,20,0
0.3914035365715271,-0.1710272608447838,19,33,5,187,34,10,4
0.3894424549044852,1.7883373163595666,4,36,7,127,27,10,2
0.2175209620938115,0.8086550277573914,2,10,7,138,37,1,0
1.2879845647376613,-0.1710272608447838,15,7,21,348,37,9,4
0.18772208700680887,0.8086550277573914,15,45,2,83,34,26,0
0.16413330386543895,-1.150709549446959,18,18,5,332,34,17,1
0.37700632725982924,-0.1710272608447838,16,45,2,229,25,0,2
-0.6899416777613968,-0.1710272608447838,16,19,28,221,25,0,4
0.38390200060125707,-2.130391838049134,14,44,1,136,34,21,0
-0.449645398535201,0.8086550277573914,17,35,28,221,37,1,0
0.3632628118371453,-1.150709549446959,15,42,28,300,27,20,2
0.3845477226135757,0.8086550277573914,15,35,4,141,34,10,4
-0.49421616113858025,-0.1710272608447838,16,35,28,102,37,12,4
0.42026970208518055,-0.1710272608447838,2,35,4,21,27,0,2
-0.4644491735583588,0.8086550277573914,18,15,5,187,27,1,0
1.0672273552916272,-1.150709549446959,20,51,14,49,27,0,4
0.37498944245592025,0.8086550277573914,2,33,35,21,37,16,2
0.243907873955229,-0.1710272608447838,14,36,28,348,25,0,4
0.2931740719321354,-1.150709549446959,17,35,2,326,25,0,4
1.2506203786668264,-0.1710272608447838,17,35,28,84,27,15,4
0.42182421804076253,0.8086550277573914,19,33,4,243,37,21,4
-0.6099518670008338,-0.1710272608447838,14,34,8,332,25,0,4
1.0572864250525975,-1.150709549446959,14,50,24,42,34,10,4
0.380163190431165,-2.130391838049134,19,35,5,326,25,1,1
0.3998218383617558,-1.150709549446959,19,33,13,332,37,16,0
0.1708137365360939,-0.1710272608447838,2,51,16,76,27,0,2
0.3834396317529301,0.8086550277573914,7,10,8,139,25,6,4
0.195988923139827,-0.1710272608447838,14,19,25,57,27,0,4
0.16769673274823463,-2.130391838049134,9,33,28,312,10,5,4
-1.5477474976816292,0.8086550277573914,16,53,36,179,27,27,0
-0.5035193412419864,-0.1710272608447838,16,35,13,332,27,2,0
0.3754836988110284,0.8086550277573914,16,57,14,229,31,4,4
0.17868995071104268,-0.1710272608447838,14,8,22,135,34,0,4
0.35700488863134083,1.7883373163595666,14,14,8,38,37,0,4
0.3905904051486073,1.7883373163595666,18,7,19,120,37,0,4
0.3455652455735964,-0.1710272608447838,17,33,2,279,13,10,0
-0.7113063073047802,-1.150709549446959,16,33,14,325,37,20,0
1.134836841544401,-2.130391838049134,18,41,5,259,37,0,4
0.37667150843862696,-1.150709549446959,18,35,8,268,27,0,4
0.20180839312739035,-1.150709549446959,4,21,2,21,27,0,1
0.381909031427434,0.8086550277573914,16,22,35,332,37,3,0
-0.4769012449564054,0.8086550277573914,17,33,35,33,27,0,0
0.21768837150441261,-0.1710272608447838,16,33,5,298,31,5,4
1.158808274767145,-0.1710272608447838,16,33,2,7,27,0,2
0.19896243314717102,-0.1710272608447838,14,18,1,69,27,0,4
0.24015312003174633,-0.1710272608447838,18,21,30,9,27,1,1
0.16640528872359725,-1.150709549446959,18,18,2,21,37,1,2
0.38276202223383027,-0.1710272608447838,18,43,32,287,37,0,1
0.2175209620938115,0.8086550277573914,14,38,11,175,37,10,4
0.17293425573704166,-1.150709549446959,19,18,9,21,37,0,4
0.2817184851210004,-0.1710272608447838,17,33,4,139,37,0,4
-2.8135141074834453,-0.1710272608447838,16,42,28,115,25,10,4
-0.4422315532085792,-0.1710272608447838,17,35,30,236,27,12,0
0.1649065759048823,-0.1710272608447838,16,35,2,213,27,2,4
0.35120136239716804,0.8086550277573914,20,25,2,221,37,20,2
0.34562104871046345,-0.1710272608447838,14,35,1,15,31,10,4
-2.9933118144690676,-1.150709549446959,14,35,2,132,27,5,4
-0.44736544180034743,-2.130391838049134,15,34,8,254,27,2,4
0.17094925843991388,0.8086550277573914,18,14,4,255,34,5,4
-2.8121588884452455,-0.1710272608447838,16,24,28,219,25,5,0
0.15722168677062054,0.8086550277573914,16,33,6,240,37,10,4
0.2506201941326651,-0.1710272608447838,14,9,30,177,37,4,0
0.4181970141444045,-0.1710272608447838,15,15,21,59,27,26,4
0.20364989664400288,-0.1710272608447838,17,33,8,224,6,9,4
0.16909181116991076,-1.150709549446959,2,38,14,268,25,12,4
-2.3281065355070973,1.7883373163595666,17,36,5,9,27,0,4
0.20602551589919998,-0.1710272608447838,17,34,22,285,27,2,0
-1.5327842851245657,-1.150709549446959,2,41,33,332,15,0,0
0.39955079455411585,-0.1710272608447838,16,33,2,332,34,5,4
0.16623787931299613,-0.1710272608447838,16,35,8,332,25,10,4
1.098237955636314,0.8086550277573914,16,35,28,254,27,0,0
0.21311251428131484,1.7883373163595666,18,33,2,21,27,0,1
0.15927045908131066,-0.1710272608447838,15,20,21,93,27,0,4
-1.3927981303552328,1.7883373163595666,17,34,19,229,25,6,4
-4.53430746717585,-1.150709549446959,17,35,25,109,34,5,4
0.1592305996978342,-0.1710272608447838,18,35,16,218,27,7,0
1.3135982045596355,0.8086550277573914,17,33,2,332,14,9,2
0.3997580633481934,-1.150709549446959,16,36,1,221,37,1,1
-1.3565021757615672,-0.1710272608447838,14,43,13,326,25,10,4
0.4059681552938261,-0.1710272608447838,2,55,25,115,27,21,0
0.37615333645343296,-1.150709549446959,18,35,2,268,25,0,0
0.3956366030967273,-1.150709549446959,15,35,2,211,37,0,4
-1.3797162806982584,-0.1710272608447838,18,41,32,21,37,5,0
0.15101956670168312,0.8086550277573914,16,1,14,326,37,0,4
0.4224539962996906,-0.1710272608447838,16,35,14,254,0,5,4
0.41849994545882563,0.8086550277573914,15,7,14,42,34,10,0
0.20279690583760662,-1.150709549446959,14,0,9,54,37,26,4
0.3653434716546166,-1.150709549446959,14,20,28,114,25,1,0
0.24902581879360666,-1.150709549446959,15,22,35,21,27,0,1
-1.367901959435835,-0.1710272608447838,16,33,4,21,25,1,3
0.38384619746439,0.8086550277573914,10,41,14,9,25,1,1
0.20080393666378354,0.8086550277573914,18,8,8,142,6,20,2
-2.1470731876337044,-0.1710272608447838,18,41,7,21,25,26,2
0.381909031427434,-1.150709549446959,15,34,7,255,34,5,1
1.0773596105713437,-0.1710272608447838,15,22,8,21,25,26,2
0.251218084884812,1.7883373163595666,19,41,21,21,27,0,1
0.4199189395105877,-0.1710272608447838,15,35,21,110,27,20,4
0.4068052023468318,0.8086550277573914,15,42,2,187,37,0,4
2.174521028267727,-0.1710272608447838,15,43,28,89,25,0,2
0.38255475343975265,0.8086550277573914,3,10,8,21,37,10,2
0.17143554291832672,0.8086550277573914,19,35,8,340,27,10,4
0.4277393505486694,-1.150709549446959,16,33,6,21,27,20,2
0.16661255751767487,-1.150709549446959,16,19,2,254,27,0,0
1.0837769713110539,-1.150709549446959,2,8,14,95,37,0,4
0.3809524062239989,-0.1710272608447838,16,34,6,24,27,1,4
0.23712380688753526,-0.1710272608447838,14,34,32,115,27,9,4
-0.49762812436416537,0.8086550277573914,19,33,8,21,37,1,2
-4.53430746717585,-1.150709549446959,15,34,2,177,37,20,4
-0.6528485354982018,-0.1710272608447838,7,34,2,332,27,10,2
0.18580086472324342,0.8086550277573914,16,33,2,282,34,5,4
-0.4456833758176407,0.8086550277573914,16,34,1,255,37,0,4
1.085116246595863,-0.1710272608447838,17,51,28,326,27,2,0
0.3548365381702213,-1.150709549446959,16,34,28,285,25,0,4
0.39508654360475215,-1.150709549446959,15,23,2,21,27,9,0
0.3905904051486073,0.8086550277573914,15,32,2,279,25,5,0
0.17396262783073435,-0.1710272608447838,15,35,8,115,25,1,2
0.21990455322570387,-0.1710272608447838,18,39,28,221,27,2,1
1.0668287614568623,0.8086550277573914,19,34,6,153,27,7,4
0.4183963110617868,-0.1710272608447838,14,35,25,316,27,0,2
0.18276357970233706,-0.1710272608447838,7,54,19,268,25,3,4
1.0492109139602666,1.7883373163595666,17,35,22,332,25,2,4
0.3385818815885203,-1.150709549446959,16,35,21,268,25,4,4
1.1682868361578476,-0.1710272608447838,17,9,5,172,27,22,1
0.4199189395105877,0.8086550277573914,16,9,2,187,37,1,0
1.119730135206822,-1.150709549446959,17,36,5,228,8,9,4
0.1959570356330458,-0.1710272608447838,17,35,2,263,27,10,0
-0.44736544180034743,-1.150709549446959,14,35,5,83,37,1,4
0.20602551589919998,-1.150709549446959,14,7,14,348,6,5,4
0.380163190431165,-0.1710272608447838,7,36,2,21,14,10,1
0.24043213571608155,-1.150709549446959,18,41,13,21,37,0,2
1.1588561060273168,-1.150709549446959,14,25,2,21,34,1,4
0.2175209620938115,-1.150709549446959,16,28,30,113,0,22,4
0.36403608387658865,-0.1710272608447838,14,35,30,257,27,0,4
-2.9560751784253574,0.8086550277573914,18,35,5,115,25,0,4
0.3570288042614267,-1.150709549446959,16,35,5,254,25,1,1
1.0373168739308904,0.8086550277573914,2,43,8,21,27,28,0
-0.41997407347532306,-0.1710272608447838,19,33,8,247,34,11,2
0.17432136228202252,-1.150709549446959,16,56,2,268,25,0,2
0.4069885555108236,-0.1710272608447838,16,31,5,332,37,0,0
-0.6326557718290263,-0.1710272608447838,9,35,30,324,37,10,4
0.2168991557115787,-0.1710272608447838,17,35,28,268,27,10,2
-1.0118221430872139,-1.150709549446959,15,41,33,332,17,0,2
1.2508196755842087,-1.150709549446959,14,35,25,115,20,13,0
0.221762000495707,-0.1710272608447838,15,18,8,332,27,26,2
1.0672273552916272,-0.1710272608447838,2,33,8,57,14,26,0
0.23291465599242092,0.8086550277573914,17,18,32,303,37,1,2
-1.367901959435835,-1.150709549446959,14,35,33,254,25,7,4
0.15953353101225531,-0.1710272608447838,16,35,28,115,27,9,0
-0.48742412219419123,0.8086550277573914,15,32,2,21,37,0,2
0.31896309304140597,-0.1710272608447838,16,18,2,169,27,0,2
1.0370059707397739,-0.1710272608447838,14,4,9,110,27,0,4
0.243907873955229,0.8086550277573914,17,15,14,259,27,20,2
-1.3797162806982584,-0.1710272608447838,14,35,13,254,37,10,0
-0.6899416777613968,-1.150709549446959,14,33,8,142,6,4,4
0.198771108106484,0.8086550277573914,18,20,8,221,27,0,2
0.3771817085471256,0.8086550277573914,19,3,33,179,34,26,2
1.305482834083828,0.8086550277573914,15,35,2,244,27,26,0
0.2070538879928927,1.7883373163595666,18,22,2,45,14,0,2
0.19250521302398424,-1.150709549446959,17,43,28,219,27,0,4
0.35720418554872313,0.8086550277573914,14,33,8,332,37,26,2
0.28356796051430816,0.8086550277573914,16,9,16,268,27,0,0
0.3813430281820682,0.8086550277573914,17,29,14,229,37,0,2
0.3962584094789601,-1.150709549446959,16,39,28,328,27,0,4
0.1741140934879449,-1.150709549446959,16,20,28,115,0,0,0
0.38255475343975265,-1.150709549446959,9,42,2,207,37,20,4
0.1513543855228854,0.8086550277573914,3,33,9,118,37,4,0
0.35803326072503355,-0.1710272608447838,15,41,8,119,37,1,4
-2.1983562704145196,-1.150709549446959,17,44,30,341,37,0,0
-1.5562774057455921,-0.1710272608447838,14,36,11,39,27,0,4
0.21639692747977526,-1.150709549446959,16,35,25,271,25,20,4
-2.1983562704145196,-0.1710272608447838,20,35,2,24,27,2,2
0.4277393505486694,-0.1710272608447838,18,34,25,229,27,2,4
0.21298496425419017,0.8086550277573914,16,33,2,21,25,10,0
0.3675516814992126,-1.150709549446959,2,43,28,37,25,13,4
0.36767923152633725,1.7883373163595666,17,53,22,42,37,10,2
0.156552049128216,-0.1710272608447838,19,29,2,80,34,4,2
0.40866264961683496,0.8086550277573914,16,44,33,22,34,0,1
0.4232591558459151,-0.1710272608447838,20,33,35,9,25,0,2
0.4275400536312871,0.8086550277573914,20,41,4,21,34,26,3
0.20004660837773078,0.8086550277573914,16,35,28,234,27,20,0
1.2806026069178207,-0.1710272608447838,15,35,2,132,35,10,4
-0.4871610502632466,0.8086550277573914,15,57,14,165,34,0,4
0.4994543532995189,0.8086550277573914,16,41,33,21,36,26,4
-2.9677699215373514,-0.1710272608447838,2,41,2,21,34,1,4
-2.9912630421583777,-1.150709549446959,20,49,32,136,37,20,4
1.2879845647376613,-0.1710272608447838,16,24,8,213,27,1,4
-0.5402696928072839,-0.1710272608447838,18,34,25,332,34,0,4
0.3629200211392477,-1.150709549446959,17,33,6,21,27,1,1
0.2788087501272187,0.8086550277573914,16,35,8,221,27,27,2
0.42293230890140815,-0.1710272608447838,18,43,25,187,25,7,4
0.4124732066771847,0.8086550277573914,16,33,2,21,37,10,4
-0.45422922763499407,-0.1710272608447838,16,36,5,54,37,10,4
0.37604173017969883,0.8086550277573914,2,18,2,21,25,1,2
1.0492109139602666,-0.1710272608447838,16,18,2,332,25,1,2
0.3902795019574909,-0.1710272608447838,16,34,8,49,14,0,4
1.1558507085131915,-2.130391838049134,16,33,22,62,27,9,4
-0.45827096911950727,1.7883373163595666,15,33,16,21,27,0,2
-2.275029780469841,1.7883373163595666,15,7,35,252,37,5,2
1.0728395564851128,-0.1710272608447838,17,20,28,49,27,0,0
-2.139723117320645,0.8086550277573914,17,41,19,80,37,10,0
0.39084550520285666,-1.150709549446959,17,25,8,332,37,26,0
-1.3604482547257368,0.8086550277573914,18,20,30,59,27,1,0
1.0437342346706007,0.8086550277573914,19,51,28,93,27,4,4
0.3902874738341862,-0.1710272608447838,17,50,13,254,25,20,4
0.35492422881386954,-0.1710272608447838,16,35,30,194,37,12,4
-0.6826075512017279,1.7883373163595666,14,18,33,21,25,20,0
-0.49421616113858025,-0.1710272608447838,9,56,14,36,34,0,4
0.23712380688753526,-1.150709549446959,14,34,2,32,31,0,4
0.3843962569563652,0.8086550277573914,14,53,22,332,37,4,4
0.4203892802356099,-0.1710272608447838,2,41,33,332,27,26,1
-3.099273999502893,0.8086550277573914,7,36,8,21,25,1,1
0.38049003737567194,-1.150709549446959,14,35,30,49,37,2,4
0.39063026453208377,-0.1710272608447838,2,35,25,49,25,22,0
-0.45862173169410014,0.8086550277573914,17,49,8,83,25,19,4
0.4203892802356099,-1.150709549446959,19,35,25,300,25,9,0
0.22039083770411672,0.8086550277573914,15,35,21,37,27,12,2
0.453337046617253,0.8086550277573914,2,41,5,270,27,19,2
-1.3620266863114046,0.8086550277573914,2,17,35,21,14,10,2
0.28066619739722176,-0.1710272608447838,18,33,2,15,37,17,1
-1.5374717486213976,-1.150709549446959,16,18,14,49,37,26,4
2.0181048356293974,1.7883373163595666,15,45,2,215,34,5,4
0.16351149748320615,-1.150709549446959,15,34,33,332,25,1,1
0.36405202762997924,-0.1710272608447838,2,42,30,332,34,19,4
0.27580335261309347,-0.1710272608447838,14,34,14,80,25,10,0
0.16413330386543895,0.8086550277573914,14,56,19,132,25,4,4
-0.6172062747935498,-1.150709549446959,17,33,8,21,37,26,2
0.16153447206277366,-1.150709549446959,17,34,2,246,22,20,0
0.19734414217802668,-0.1710272608447838,15,33,8,54,14,6,4
0.251218084884812,1.7883373163595666,16,50,30,18,34,4,1
-0.6167997090820899,-0.1710272608447838,18,20,8,82,27,10,2
0.18219757645697132,0.8086550277573914,18,29,4,21,37,19,0
0.19838845802510996,0.8086550277573914,14,56,2,3,34,26,4
1.0479194699356291,1.7883373163595666,7,8,8,124,27,12,0
-1.4066373082982604,-1.150709549446959,14,22,8,332,14,1,2
0.3728689232549725,-0.1710272608447838,17,43,8,268,27,2,0
0.2829302103786848,-0.1710272608447838,15,42,28,254,27,20,4
-0.4710897468455373,0.8086550277573914,17,36,5,246,37,10,2
0.19810147046407944,-0.1710272608447838,16,35,21,24,27,21,4
-1.5238079519656667,-0.1710272608447838,15,9,28,288,27,0,0
-0.671837545786388,-1.150709549446959,15,51,28,184,25,0,0
-0.4516861989691959,0.8086550277573914,16,46,2,98,34,10,4
0.3570288042614267,-1.150709549446959,16,21,2,21,25,0,1
-1.5516537172623226,-2.130391838049134,15,10,6,229,0,9,0
-0.6528485354982018,-1.150709549446959,19,35,28,24,27,27,4
0.18333755482439812,-0.1710272608447838,20,33,33,21,25,11,1
-0.4550423590579139,0.8086550277573914,17,33,5,21,27,0,1
0.35730781994576194,-1.150709549446959,5,41,6,16,37,2,1
0.3962584094789601,-1.150709549446959,14,33,25,254,34,0,4
0.39656134079338123,0.8086550277573914,18,33,6,0,37,5,2
0.2898737149802844,0.8086550277573914,19,21,33,206,27,0,2
0.35730781994576194,-0.1710272608447838,20,35,25,49,27,10,1
0.421345905439045,0.8086550277573914,2,18,2,21,25,0,1
0.39063026453208377,0.8086550277573914,14,33,16,83,37,10,4
0.38366284430039826,0.8086550277573914,18,30,2,135,37,4,4
0.24367668953106553,1.7883373163595666,14,8,35,42,34,10,4
-1.5357259076251286,-0.1710272608447838,16,29,2,328,0,21,1
-0.450817264409409,0.8086550277573914,16,35,8,268,27,21,2
0.1750786905680753,-0.1710272608447838,18,49,34,135,14,0,4
0.17868995071104268,-1.150709549446959,15,41,2,21,37,26,0
-1.5405010617656085,-2.130391838049134,14,35,11,221,34,0,4
1.2724792645653178,0.8086550277573914,19,14,2,21,14,16,2
1.0967950459544662,1.7883373163595666,1,16,2,332,31,16,4
0.42021389894831346,-0.1710272608447838,16,20,21,222,27,20,4
0.4225576306967294,1.7883373163595666,15,47,14,254,27,10,4
-1.3331924083045323,1.7883373163595666,14,7,24,332,6,0,4
0.34954321204454725,-0.1710272608447838,17,35,2,21,25,5,2
-1.3469040362204352,-1.150709549446959,19,41,33,235,14,1,0
1.321442531227803,-0.1710272608447838,14,35,33,285,25,20,2
0.15605779277310786,1.7883373163595666,16,42,2,180,37,0,4
0.16867727358175558,1.7883373163595666,15,35,5,83,10,5,4
1.0736447160313374,0.8086550277573914,7,5,35,115,27,3,2
0.39197751169358813,0.8086550277573914,18,39,25,115,27,1,4
0.3894583986578758,-1.150709549446959,15,57,8,328,31,0,4
0.38384619746439,-0.1710272608447838,7,38,28,115,25,22,1
1.1594221092726824,-1.150709549446959,17,41,14,21,27,0,2
0.2898737149802844,-1.150709549446959,16,20,2,106,27,0,0
0.39656134079338123,1.7883373163595666,17,49,26,211,34,9,4
-0.4916093574592197,-0.1710272608447838,18,35,14,285,27,20,4
-2.139723117320645,-2.130391838049134,19,51,13,80,25,20,2
-0.6421741926032053,-0.1710272608447838,14,34,8,332,34,22,4
1.0596381286777088,-1.150709549446959,16,42,28,115,27,20,2
0.1916362784641974,-1.150709549446959,9,37,13,44,34,21,4
-2.8135141074834453,1.7883373163595666,14,34,11,147,34,5,4
-0.698320120168149,-1.150709549446959,14,33,30,38,34,0,4
0.3906701239155602,1.7883373163595666,2,36,8,332,27,10,3
-3.8634262120068317,-0.1710272608447838,2,18,2,21,27,0,2
-2.1106098236294373,1.7883373163595666,16,36,9,332,25,20,2
0.16909181116991076,0.8086550277573914,10,41,2,135,14,0,4
0.221762000495707,0.8086550277573914,15,35,14,225,27,0,2
0.21003536987693203,1.7883373163595666,19,41,5,347,27,9,2
-3.189706968734289,-0.1710272608447838,15,33,8,332,37,10,4
1.3113341915781724,-1.150709549446959,18,29,11,229,37,1,3
-0.44514926007905614,1.7883373163595666,15,33,33,332,37,1,2
0.37700632725982924,-0.1710272608447838,19,35,21,268,27,10,0
0.4232591558459151,-2.130391838049134,14,29,32,35,25,21,4
0.40137635431733776,-0.1710272608447838,14,19,9,268,27,10,2
-0.5041252038708286,-1.150709549446959,16,35,28,254,27,10,1
1.0427218063302985,-0.1710272608447838,14,18,14,56,34,0,4
-0.5117702336216139,-2.130391838049134,16,22,2,125,27,27,4
-0.469471455876393,-0.1710272608447838,16,33,35,110,25,10,0
0.3844600319699275,0.8086550277573914,16,37,8,121,37,9,4
-0.49544383014965526,0.8086550277573914,16,22,8,165,37,20,1
-0.46908880579501894,-0.1710272608447838,17,35,35,321,27,12,2
0.365327527901226,-0.1710272608447838,19,43,30,83,27,0,0
0.3455652455735964,-0.1710272608447838,9,34,21,268,37,2,2
0.211916732777021,0.8086550277573914,15,26,8,21,25,9,1
0.40793720883756335,0.8086550277573914,16,29,2,209,37,19,4
-1.3927981303552328,0.8086550277573914,2,36,2,21,27,10,2
-0.6421741926032053,0.8086550277573914,18,35,4,332,25,28,0
1.3020150677213758,0.8086550277573914,16,35,32,268,27,7,4
1.2538410168517244,0.8086550277573914,18,34,25,115,27,0,4
0.20438330929996978,0.8086550277573914,14,7,7,38,6,16,4
0.2779398155674318,-0.1710272608447838,16,50,21,221,27,0,2
0.36518403412071077,-0.1710272608447838,9,34,29,38,6,5,4
-1.3714893039487166,-0.1710272608447838,16,34,8,332,34,11,4
1.098237955636314,1.7883373163595666,17,36,2,332,37,3,1
-0.671837545786388,0.8086550277573914,16,33,5,96,37,1,2
0.3845477226135757,0.8086550277573914,16,35,14,256,27,0,0
-1.5677808238168989,0.8086550277573914,19,50,21,268,27,0,4
-0.470372277942961,-1.150709549446959,14,54,5,254,27,17,0
0.38619790108950125,0.8086550277573914,19,35,35,221,37,1,3
1.1558507085131915,-1.150709549446959,19,7,14,40,37,0,0
-2.1106098236294373,1.7883373163595666,2,33,14,332,34,10,0
2.0188940514222313,0.8086550277573914,16,36,2,332,34,10,0
-1.4848334468023825,-0.1710272608447838,16,34,30,268,27,3,2
-1.5392335333710572,-0.1710272608447838,19,35,28,197,27,0,0
-0.4969106554615891,-0.1710272608447838,9,33,5,74,37,10,4
0.39955079455411585,-1.150709549446959,16,35,8,332,25,12,2
0.18351293611169453,1.7883373163595666,15,34,19,187,37,1,4
0.38255475343975265,-0.1710272608447838,15,34,28,221,37,10,4
-2.9560751784253574,-0.1710272608447838,2,33,5,332,25,0,2
2.0181048356293974,-0.1710272608447838,18,10,35,21,27,4,2
-1.3620266863114046,1.7883373163595666,18,7,33,187,37,10,4
-1.5530487956839987,0.8086550277573914,15,35,9,204,37,11,4
0.243907873955229,-1.150709549446959,15,18,30,74,14,26,4
0.2748546992863537,0.8086550277573914,14,27,28,268,37,5,0
0.17247985876541,0.8086550277573914,18,33,33,21,27,0,0
0.18589652724358693,-0.1710272608447838,16,28,2,161,34,0,4
1.3113341915781724,-0.1710272608447838,15,35,18,278,25,20,0
1.1149470091896467,0.8086550277573914,19,35,30,115,27,10,4
0.19838845802510996,-1.150709549446959,15,42,25,268,27,0,2
0.35730781994576194,0.8086550277573914,2,18,5,147,34,1,2
1.1588561060273168,-0.1710272608447838,16,46,33,49,27,1,4
-1.5516537172623226,1.7883373163595666,16,41,2,279,27,26,4
0.17432136228202252,1.7883373163595666,19,22,14,134,34,0,4
-1.369615912925323,0.8086550277573914,16,39,8,21,14,0,4
-2.332020726964486,1.7883373163595666,9,50,2,160,34,6,4
1.1558507085131915,0.8086550277573914,2,23,33,254,27,0,4
1.041916646784074,-1.150709549446959,14,51,25,221,27,0,0
-1.5677808238168989,-1.150709549446959,16,41,2,21,27,26,0
-0.5174302660752714,0.8086550277573914,15,26,13,147,37,9,4
0.31555910169251616,-0.1710272608447838,16,34,2,332,28,0,1
1.2955339319681032,-0.1710272608447838,2,33,5,21,37,20,1
0.21311251428131484,-0.1710272608447838,14,35,14,115,27,12,4
0.31896309304140597,-2.130391838049134,9,53,19,160,27,0,4
0.39094913959989547,1.7883373163595666,20,0,6,147,37,26,4
-1.2925278652818464,-0.1710272608447838,16,34,28,49,27,21,4
0.3980441098587056,-1.150709549446959,14,27,25,254,25,7,0
0.2535458728798374,-0.1710272608447838,19,36,5,21,27,4,0
1.1316879502497605,-0.1710272608447838,17,35,14,198,25,9,4
-0.4550423590579139,0.8086550277573914,17,7,19,115,6,21,2
0.38276202223383027,-0.1710272608447838,2,42,21,212,27,26,1
-0.4764468479847737,1.7883373163595666,14,34,8,42,34,10,4
0.39787670044810447,-1.150709549446959,18,35,25,115,27,0,4
-0.45827096911950727,0.8086550277573914,2,42,33,268,27,0,4
0.3675516814992126,0.8086550277573914,16,29,5,29,37,10,4
-4.53430746717585,-0.1710272608447838,2,35,2,9,27,26,0
-0.7113063073047802,-0.1710272608447838,19,21,7,21,25,0,1
1.0967950459544662,-0.1710272608447838,14,21,28,332,14,1,4
1.1007092374118548,-1.150709549446959,19,22,30,21,37,26,1
0.3748300049220144,-0.1710272608447838,17,42,4,332,25,9,4
1.0565290967665448,-1.150709549446959,14,33,8,332,27,0,3
0.40137635431733776,0.8086550277573914,14,6,33,332,34,21,2
0.3455652455735964,1.7883373163595666,14,34,28,348,19,3,1
0.3809524062239989,-0.1710272608447838,15,42,2,322,27,1,0
0.40120894490673664,0.8086550277573914,16,33,5,21,37,19,2
-0.45573591233040434,-1.150709549446959,9,56,28,325,34,26,4
0.1513543855228854,-1.150709549446959,2,35,30,115,37,19,4
0.39229638676139983,0.8086550277573914,15,20,25,288,27,4,0
-0.4516861989691959,-1.150709549446959,2,43,5,21,25,0,0
0.4006429416613709,1.7883373163595666,10,50,7,139,37,1,0
0.18580086472324342,0.8086550277573914,15,20,32,48,27,0,2
-0.6311490871336161,-1.150709549446959,19,50,2,24,34,10,4
0.2070538879928927,-0.1710272608447838,15,14,11,216,34,9,4
0.3832323629588525,-2.130391838049134,16,33,32,181,34,10,4
0.38366284430039826,1.7883373163595666,18,29,2,21,14,0,2
-1.5501231169368264,1.7883373163595666,18,35,8,268,27,1,0
-1.5030731006812112,0.8086550277573914,18,35,25,254,27,20,4
-0.4871610502632466,-0.1710272608447838,15,43,5,221,25,0,4
0.3905904051486073,-0.1710272608447838,16,35,28,313,3,1,0
-2.8135141074834453,0.8086550277573914,18,18,33,21,27,0,0
0.35720418554872313,-1.150709549446959,14,33,6,332,25,9,4
-0.45422922763499407,0.8086550277573914,19,34,25,21,27,2,3
0.35120136239716804,-1.150709549446959,15,9,33,4,37,12,4
1.2875939427795922,0.8086550277573914,15,43,28,254,25,9,4
1.0440531097384123,0.8086550277573914,2,42,2,1,27,0,1
-1.3331924083045323,0.8086550277573914,16,18,8,332,27,1,2
0.3572839043156761,-1.150709549446959,16,34,30,332,27,0,4
0.36374112443886286,-1.150709549446959,14,8,9,232,37,10,4
0.3805856998960155,-0.1710272608447838,16,35,10,125,27,0,0
1.0565290967665448,-1.150709549446959,14,44,2,332,27,21,0
0.3571404105351608,0.8086550277573914,15,36,8,135,35,9,4
-1.3575305478552597,-1.150709549446959,14,35,30,254,25,0,4
1.042681946946822,-0.1710272608447838,15,35,5,320,34,20,4
0.3026207458160568,0.8086550277573914,17,33,14,15,34,9,4
-1.3818527436525967,-0.1710272608447838,16,43,28,84,25,22,0
0.36527969664105425,-0.1710272608447838,14,57,28,254,27,20,4
-1.5477474976816292,0.8086550277573914,17,53,14,346,27,19,0
0.42182421804076253,-0.1710272608447838,16,35,33,255,34,9,4
1.2886701461334564,-0.1710272608447838,17,43,14,254,27,5,2
0.3043426711822399,-1.150709549446959,14,35,5,348,34,5,2
0.16608641365578558,-1.150709549446959,17,35,5,271,34,5,0
0.3453739205329094,0.8086550277573914,18,41,30,332,25,0,4
0.34562104871046345,0.8086550277573914,17,33,32,276,25,1,0
-0.5884995468138022,0.8086550277573914,2,7,4,21,37,4,3
0.421345905439045,-1.150709549446959,14,49,5,348,34,0,4
0.3771817085471256,0.8086550277573914,15,49,4,232,23,0,4
0.3798124278565721,1.7883373163595666,16,43,1,277,34,1,4
0.37604173017969883,-2.130391838049134,14,37,7,135,18,0,4
1.0699617089981124,-0.1710272608447838,17,1,11,130,27,2,4
1.0597019036912712,0.8086550277573914,18,42,28,49,27,0,2
0.4192811893749643,0.8086550277573914,19,49,8,284,25,0,4
0.22039083770411672,1.7883373163595666,15,35,30,21,27,10,4
0.3043426711822399,-2.130391838049134,16,34,32,291,37,0,0
-0.5402696928072839,-1.150709549446959,17,33,32,332,37,28,0
-0.6172062747935498,-2.130391838049134,14,34,2,301,25,14,4
1.041916646784074,0.8086550277573914,18,11,33,9,27,9,2
0.2788087501272187,-0.1710272608447838,14,33,28,229,37,19,4
-0.41997407347532306,-0.1710272608447838,19,35,2,260,27,10,0
0.1927523412015383,-1.150709549446959,16,42,33,157,27,0,4
0.2763294964749828,-2.130391838049134,15,35,32,320,37,10,4
-1.3424716727778527,-0.1710272608447838,16,35,33,254,27,20,4
-2.9912630421583777,-0.1710272608447838,18,53,2,21,14,20,2
-0.41997407347532306,0.8086550277573914,15,34,19,142,34,11,4
-0.49762812436416537,-1.150709549446959,14,33,14,255,6,21,4
0.36518403412071077,-0.1710272608447838,16,35,33,61,27,2,4
0.36299176802950534,0.8086550277573914,2,36,33,279,37,0,0
0.20180839312739035,-0.1710272608447838,2,56,8,98,20,1,2
-0.6317629216391536,-1.150709549446959,18,41,33,21,30,20,2
1.2903043808559915,1.7883373163595666,19,44,5,21,14,21,1
0.3653434716546166,-0.1710272608447838,17,44,2,21,37,28,0
-1.3731394824246421,-1.150709549446959,3,20,32,115,27,15,4
0.16914761430677783,-0.1710272608447838,17,1,25,23,27,22,2
0.2822685446129755,-0.1710272608447838,18,35,35,21,0,10,2
0.30910188156932944,0.8086550277573914,10,35,5,63,25,12,4
0.3385818815885203,0.8086550277573914,17,33,2,142,34,0,4
-0.48742412219419123,-0.1710272608447838,20,35,28,268,27,20,2
0.3253804537811163,-0.1710272608447838,16,42,25,254,25,2,4
0.41849994545882563,-1.150709549446959,16,33,8,21,25,1,0
0.18718797126822428,0.8086550277573914,4,7,14,21,25,1,2
0.36031321745988715,-1.150709549446959,16,9,14,320,25,4,4
1.27117187678729,0.8086550277573914,17,50,6,332,36,4,4
0.3943292153186994,-1.150709549446959,17,34,25,49,27,10,4
0.18560953968255642,-1.150709549446959,16,5,25,332,27,0,2
0.38487456955808275,-0.1710272608447838,17,1,7,60,27,1,2
0.18476452075285543,1.7883373163595666,14,34,8,187,35,20,4
0.28066619739722176,-1.150709549446959,16,42,2,15,37,4,4
-0.5884437436769352,-0.1710272608447838,17,30,21,76,27,22,0
1.2954063819409785,-1.150709549446959,14,37,13,32,37,26,4
0.36239387727735844,1.7883373163595666,20,34,2,216,34,22,0
0.3572839043156761,-0.1710272608447838,16,41,7,332,27,0,4
0.18973099993402254,0.8086550277573914,16,33,8,332,36,20,4
-1.3604482547257368,0.8086550277573914,16,8,35,255,34,9,4
0.39550108119290733,0.8086550277573914,18,44,5,150,27,1,2
0.37615333645343296,-0.1710272608447838,2,36,2,21,25,0,2
-0.49544383014965526,-0.1710272608447838,16,35,9,275,27,3,2
-0.5940878323772022,-0.1710272608447838,9,35,22,135,25,9,4
0.176489712743142,0.8086550277573914,16,35,8,187,14,4,4
0.41995082701736886,-0.1710272608447838,16,33,6,21,27,0,2
1.0699617089981124,-1.150709549446959,9,36,8,15,34,1,4
-1.3714893039487166,-0.1710272608447838,18,33,8,180,37,26,4
0.40607178969086494,-0.1710272608447838,2,9,32,254,25,9,4
-0.44514926007905614,-0.1710272608447838,15,43,2,246,27,2,4
0.37138615418964815,-1.150709549446959,18,51,2,268,30,20,0
-0.47098611244849853,1.7883373163595666,17,33,2,21,27,9,1
0.40006896653930984,-0.1710272608447838,19,35,28,332,27,9,4
0.40958738731348887,-1.150709549446959,18,35,25,221,27,3,0
0.285417435907616,1.7883373163595666,2,56,9,104,37,3,4
0.3980441098587056,0.8086550277573914,15,48,14,240,37,9,0
0.18560953968255642,0.8086550277573914,15,14,2,49,34,5,4
1.2468656247433436,-0.1710272608447838,20,22,2,21,25,0,2
0.1649065759048823,-1.150709549446959,2,41,2,21,23,0,0
0.170734017769141,0.8086550277573914,14,14,14,135,34,10,4
0.16351149748320615,-0.1710272608447838,15,57,28,182,25,2,4
0.2763294964749828,0.8086550277573914,20,28,25,296,27,3,0
0.3832323629588525,-1.150709549446959,18,35,25,49,27,20,4
1.1202801946987972,-0.1710272608447838,2,58,8,115,27,12,2
-0.7222277783773307,-0.1710272608447838,9,34,11,332,34,5,4
0.36405202762997924,-1.150709549446959,17,42,25,268,34,9,4
0.4075705025095799,-0.1710272608447838,19,38,28,12,27,2,4
0.20438330929996978,-0.1710272608447838,19,1,13,125,25,0,2
0.19838845802510996,-0.1710272608447838,17,41,30,279,34,20,0
0.3728051482414102,0.8086550277573914,15,36,3,42,20,11,4
-0.6110679297381748,-1.150709549446959,14,34,28,49,25,20,0
-0.641400920563762,0.8086550277573914,15,35,8,89,34,0,2
1.0695950026701289,1.7883373163595666,16,18,2,142,34,9,1
0.36518403412071077,0.8086550277573914,16,18,2,332,37,26,0
0.31896309304140597,-1.150709549446959,14,49,5,21,27,0,2
0.1575724493452134,-0.1710272608447838,16,45,8,149,34,4,4
1.0669164521005106,-0.1710272608447838,16,44,2,9,27,26,4
0.37129846354599993,-0.1710272608447838,20,9,28,221,27,2,0
0.38049003737567194,-0.1710272608447838,16,34,6,279,37,0,4
0.16391806319466606,1.7883373163595666,16,50,8,97,27,5,0
0.17666509403043845,-1.150709549446959,9,7,5,15,37,9,4
1.119730135206822,-1.150709549446959,18,18,2,21,34,27,4
0.38589496977508014,0.8086550277573914,19,18,2,21,27,26,1
0.4059681552938261,0.8086550277573914,16,25,30,21,27,1,2
0.3713941260663434,-0.1710272608447838,4,35,2,21,27,0,4
-0.7222277783773307,-2.130391838049134,17,41,2,332,25,26,0
-0.7004725268758779,-1.150709549446959,2,25,8,21,27,10,2
0.16661255751767487,-0.1710272608447838,14,7,30,135,31,20,4
0.4173838827214847,-1.150709549446959,16,16,28,268,25,10,4
0.31555910169251616,-0.1710272608447838,14,7,6,332,35,9,4
1.3135982045596355,-0.1710272608447838,17,35,13,115,27,1,0
-2.259946989762348,0.8086550277573914,3,35,9,125,27,10,4
0.4208596209606322,-1.150709549446959,2,35,2,21,34,20,1
0.16769673274823463,0.8086550277573914,3,36,8,279,34,0,2
1.2643160628293386,-1.150709549446959,17,41,33,82,37,0,0
0.38589496977508014,-0.1710272608447838,19,47,28,115,27,0,2
1.0440531097384123,0.8086550277573914,14,49,10,255,25,26,4
0.38598266041872836,1.7883373163595666,18,34,10,21,27,0,2
-0.6383716074195509,-0.1710272608447838,9,7,11,156,34,5,2
0.365327527901226,0.8086550277573914,2,41,2,21,27,1,4
0.3894583986578758,-0.1710272608447838,17,4,33,328,31,4,4
1.0669164521005106,-0.1710272608447838,16,21,6,71,37,9,4
1.066980227114073,-1.150709549446959,17,23,5,332,27,7,0
0.3998218383617558,-0.1710272608447838,16,9,21,49,27,2,4
0.40427811743442416,-1.150709549446959,15,35,13,268,27,10,4
0.15953353101225531,-0.1710272608447838,16,8,6,66,34,10,0
0.4201022926745794,0.8086550277573914,15,33,10,21,0,26,2
0.18333755482439812,-1.150709549446959,19,35,28,200,25,10,2
0.15927045908131066,-0.1710272608447838,9,34,21,135,34,5,4
1.2955339319681032,-1.150709549446959,7,9,25,115,27,10,0
0.4022612326305152,-1.150709549446959,17,33,2,21,27,14,1
-0.30478045522834935,0.8086550277573914,2,7,2,21,27,0,0
-0.6110679297381748,0.8086550277573914,18,36,33,263,25,9,2
0.34580440187445516,0.8086550277573914,16,33,8,165,37,1,2
0.24902581879360666,-0.1710272608447838,14,1,28,115,27,19,0
0.221762000495707,-1.150709549446959,14,7,22,317,34,0,1
0.3748300049220144,-0.1710272608447838,16,23,30,153,25,12,0
-2.9912630421583777,-1.150709549446959,2,50,28,254,27,10,4
0.17666509403043845,0.8086550277573914,16,42,33,221,25,20,2
1.057358171942855,-1.150709549446959,15,41,25,212,25,20,4
1.1007092374118548,-1.150709549446959,16,33,4,83,37,10,4
0.15845732765839085,-1.150709549446959,16,45,6,136,34,10,4
-2.149624188176198,1.7883373163595666,18,35,35,15,7,12,4
-1.5530487956839987,-0.1710272608447838,17,35,5,148,37,11,0
0.16413330386543895,-0.1710272608447838,14,35,19,288,27,0,2
0.39198548357028346,0.8086550277573914,19,29,5,21,27,11,2
0.37129846354599993,1.7883373163595666,16,32,14,187,34,21,0
-0.6172062747935498,-1.150709549446959,15,43,28,254,27,2,4
-0.698320120168149,-2.130391838049134,16,50,11,49,27,1,4
0.21990455322570387,0.8086550277573914,20,34,7,80,25,10,4
1.2903043808559915,-0.1710272608447838,2,35,28,171,25,1,2
0.35700488863134083,0.8086550277573914,17,34,5,21,37,5,0
-1.3620266863114046,-1.150709549446959,15,9,30,67,27,9,4
0.2168991557115787,-1.150709549446959,16,49,14,324,20,26,2
0.29279939372745667,-1.150709549446959,14,35,28,136,34,10,4
2.0635684484226493,1.7883373163595666,15,49,14,226,37,5,4
0.2070538879928927,-1.150709549446959,16,13,28,254,20,0,4
0.17143554291832672,-0.1710272608447838,20,41,2,49,27,10,2
-1.5357259076251286,0.8086550277573914,15,29,8,142,6,27,2
0.3980999129955726,0.8086550277573914,15,7,28,229,34,10,2
-3.9396054657070447,0.8086550277573914,15,33,26,142,3,16,0
-0.45827096911950727,-1.150709549446959,17,43,26,83,27,0,4
1.066980227114073,-2.130391838049134,15,43,27,332,4,7,2
-2.1983562704145196,-0.1710272608447838,2,33,5,220,37,11,2
0.3675516814992126,0.8086550277573914,7,36,5,21,37,1,2
0.42698999413931193,-1.150709549446959,17,21,8,131,27,0,0
0.38619790108950125,0.8086550277573914,16,35,28,221,37,3,3
-2.9933118144690676,-1.150709549446959,18,42,30,21,27,26,2
0.3043426711822399,-1.150709549446959,18,34,28,58,27,1,2
-4.591744838765432,-0.1710272608447838,18,44,2,332,25,1,2
0.2822685446129755,1.7883373163595666,15,14,2,147,14,9,0
0.40866264961683496,1.7883373163595666,15,33,2,203,37,20,0
1.0565290967665448,-1.150709549446959,9,35,2,332,20,28,0
0.3728051482414102,0.8086550277573914,17,41,36,21,24,1,1
0.15605779277310786,-1.150709549446959,14,1,8,116,27,6,4
0.2829302103786848,-1.150709549446959,16,49,14,203,6,4,4
0.3914035365715271,0.8086550277573914,4,35,30,115,27,0,2
-0.4664341708554866,0.8086550277573914,16,43,30,229,6,0,2
1.0668287614568623,-0.1710272608447838,17,44,33,332,14,6,0
-0.5946139762390915,-1.150709549446959,16,0,28,254,27,0,0
0.16153447206277366,1.7883373163595666,18,8,9,246,34,21,4
1.037715467765655,-0.1710272608447838,17,23,8,157,27,4,0
0.156552049128216,0.8086550277573914,2,50,30,254,27,0,4
0.3809524062239989,0.8086550277573914,16,7,10,339,34,9,4
0.3631910649468877,0.8086550277573914,19,42,2,19,25,0,3
0.2001103833912931,-1.150709549446959,16,41,8,15,37,6,4
1.2643160628293386,0.8086550277573914,2,34,28,157,27,3,4
0.18580086472324342,-1.150709549446959,15,51,25,97,27,3,0
-1.3609425110808449,-0.1710272608447838,19,35,13,268,34,7,4
-1.5030731006812112,-1.150709549446959,18,33,2,21,27,20,2
0.1741140934879449,-0.1710272608447838,18,18,32,101,0,1,0
0.42026970208518055,0.8086550277573914,17,35,11,187,37,19,4
1.2724792645653178,-1.150709549446959,14,42,1,348,37,26,4
0.23291465599242092,-1.150709549446959,15,29,5,255,34,0,4
0.4192811893749643,1.7883373163595666,16,7,14,239,6,5,2
0.42698999413931193,-0.1710272608447838,14,49,22,135,0,5,4
-0.4710897468455373,0.8086550277573914,19,35,14,27,37,21,0
0.16914761430677783,0.8086550277573914,18,25,2,170,25,5,2
1.0699617089981124,-1.150709549446959,19,33,4,180,25,1,0
0.453337046617253,1.7883373163595666,18,0,19,29,37,26,4
0.4181970141444045,0.8086550277573914,17,34,33,21,27,9,0
0.405744942746358,1.7883373163595666,17,57,30,83,37,20,4
0.16640528872359725,-0.1710272608447838,18,54,16,45,27,9,0
0.3812234500316388,-0.1710272608447838,18,35,8,286,25,10,4
0.3026207458160568,-1.150709549446959,18,35,28,332,25,28,0
0.405744942746358,-0.1710272608447838,19,41,8,60,27,1,1
0.40120894490673664,-0.1710272608447838,14,35,28,49,25,0,0
0.3902795019574909,-1.150709549446959,14,33,6,145,34,4,4
0.18589652724358693,-0.1710272608447838,0,27,28,175,25,0,4
-0.469471455876393,-1.150709549446959,15,57,21,173,25,0,4
0.37498944245592025,0.8086550277573914,17,35,25,52,34,8,0
-1.2925278652818464,1.7883373163595666,17,7,7,29,37,0,4
0.1649065759048823,-1.150709549446959,15,36,14,135,31,5,2
-0.470372277942961,0.8086550277573914,19,36,8,21,27,20,1
1.2775334343901332,-1.150709549446959,2,35,2,21,14,1,2
1.2924009844268534,-1.150709549446959,15,33,13,320,37,4,4
0.3609748832255964,-0.1710272608447838,19,8,30,268,37,20,4
0.27580335261309347,0.8086550277573914,9,34,21,135,6,10,0
0.39197751169358813,-1.150709549446959,16,33,2,187,34,10,4
0.27695927473391085,-1.150709549446959,4,35,33,332,27,5,2
1.0889507192862986,-0.1710272608447838,16,23,8,332,27,1,4
0.176489712743142,-0.1710272608447838,15,35,2,115,27,5,4
-0.45862173169410014,-0.1710272608447838,18,33,2,21,27,26,0
-1.5405010617656085,-2.130391838049134,2,35,11,221,34,13,4
0.37604173017969883,-0.1710272608447838,16,54,28,49,25,17,4
-2.275029780469841,-0.1710272608447838,14,34,2,210,9,8,4
1.1316879502497605,-0.1710272608447838,2,41,8,123,27,0,0
0.21639692747977526,0.8086550277573914,16,8,2,348,34,0,0
0.4994543532995189,-0.1710272608447838,16,16,21,115,27,29,4
0.3023018707482451,-0.1710272608447838,2,28,9,268,27,10,2
0.3926152618292115,-0.1710272608447838,15,8,5,348,34,0,4
1.2886701461334564,0.8086550277573914,17,34,8,221,27,0,1
1.2506203786668264,-0.1710272608447838,19,36,2,21,37,16,1
0.16386226005779903,0.8086550277573914,20,36,6,111,14,20,0
0.3912201834075354,-0.1710272608447838,18,18,5,118,27,6,1
0.34954321204454725,-2.130391838049134,16,35,25,268,27,0,0
0.37615333645343296,-2.130391838049134,15,40,8,135,34,4,4
-2.9677699215373514,-1.150709549446959,16,42,2,254,34,2,4
1.2538410168517244,0.8086550277573914,16,33,2,330,37,26,0
0.25604107028546386,0.8086550277573914,14,50,19,160,37,24,4
0.27580335261309347,-1.150709549446959,16,36,8,332,25,0,2
0.40607178969086494,0.8086550277573914,15,7,14,136,34,10,4
-0.4850564748156894,1.7883373163595666,19,41,35,21,0,20,4
0.3023018707482451,0.8086550277573914,7,41,5,45,25,0,1
1.0617028447417896,-0.1710272608447838,18,58,32,288,27,0,4
-0.4969106554615891,0.8086550277573914,18,25,32,73,37,1,2
0.38598266041872836,0.8086550277573914,14,33,14,135,34,10,4
0.3023018707482451,1.7883373163595666,19,44,8,187,27,11,2
-2.1470731876337044,-1.150709549446959,12,14,9,229,25,9,4
0.1959570356330458,0.8086550277573914,15,33,5,99,37,1,4
-0.47427849752365425,0.8086550277573914,20,34,28,167,27,23,4
0.19896243314717102,-0.1710272608447838,16,53,2,70,27,0,2
0.36405202762997924,-0.1710272608447838,16,33,7,332,35,10,4
0.3829294316444314,-0.1710272608447838,15,18,14,59,27,26,2
-0.6785100065803477,-0.1710272608447838,18,35,9,115,25,12,0
-1.4380066430942355,0.8086550277573914,16,8,2,314,34,4,4
0.37510902060634965,-0.1710272608447838,18,33,14,21,27,26,2
0.3944248778390429,0.8086550277573914,15,15,30,221,27,12,1
0.3894424549044852,1.7883373163595666,18,33,7,290,27,5,4
1.0596381286777088,0.8086550277573914,16,33,2,277,37,1,4
1.2955339319681032,0.8086550277573914,19,43,2,135,37,28,0
-0.4421279188115404,-0.1710272608447838,19,29,2,332,37,2,2
0.40137635431733776,-1.150709549446959,14,33,35,348,37,9,0
0.3752365706334743,-2.130391838049134,14,20,32,115,27,1,4
0.3948075279204169,0.8086550277573914,16,42,2,21,27,26,2
1.0797113141964547,0.8086550277573914,20,36,32,122,34,26,0
-0.4508013206560184,-0.1710272608447838,15,46,8,332,37,10,2
1.057358171942855,-0.1710272608447838,17,39,28,334,27,20,4
0.211916732777021,-0.1710272608447838,19,43,28,259,25,10,2
0.3906701239155602,0.8086550277573914,17,0,5,332,25,0,4
0.35481262254013546,-1.150709549446959,14,35,2,254,25,5,4
-1.3333837333452194,-0.1710272608447838,18,43,13,93,27,5,2
-1.5392335333710572,0.8086550277573914,2,41,5,21,34,1,2
1.1682868361578476,-0.1710272608447838,2,18,33,147,34,1,1
-2.9677699215373514,-0.1710272608447838,15,34,8,348,34,3,4
1.0597019036912712,0.8086550277573914,17,41,5,21,27,0,0
1.042681946946822,0.8086550277573914,18,35,30,115,25,22,4
0.3577622169173936,0.8086550277573914,16,33,2,21,25,10,2
1.0669164521005106,0.8086550277573914,2,38,32,251,27,12,4
1.0846140183640596,-0.1710272608447838,16,58,8,268,27,0,4
0.18973099993402254,-1.150709549446959,16,35,2,332,37,0,0
1.2775334343901332,-1.150709549446959,18,43,14,119,25,1,3
-0.47427849752365425,-2.130391838049134,16,35,8,165,34,20,0
-3.0090881584490514,-1.150709549446959,2,44,2,21,27,0,3
1.057358171942855,-0.1710272608447838,16,18,28,9,34,2,0
0.40594423966374027,0.8086550277573914,15,49,14,238,37,10,4
0.3813430281820682,-1.150709549446959,14,29,28,221,37,0,0
-1.3469040362204352,-0.1710272608447838,18,39,33,263,27,2,0
1.0597019036912712,1.7883373163595666,15,33,22,38,37,0,4
1.0664062519920119,0.8086550277573914,9,20,28,332,27,3,4
0.18772208700680887,-0.1710272608447838,17,9,28,332,27,2,2
-0.6826075512017279,-0.1710272608447838,14,12,25,38,34,10,4
1.1588561060273168,-0.1710272608447838,15,33,21,47,31,10,4
-1.3927981303552328,-0.1710272608447838,17,35,21,268,27,13,0
0.3253804537811163,1.7883373163595666,14,7,6,165,34,6,0
-2.9560751784253574,1.7883373163595666,16,34,33,332,31,0,4
0.3747981174152333,-1.150709549446959,16,2,6,18,25,1,2
0.2001103833912931,-0.1710272608447838,16,18,2,233,25,5,2
-0.4769012449564054,-2.130391838049134,15,8,2,215,0,26,4
0.15919871219105303,-1.150709549446959,17,18,7,332,27,0,1
0.40594423966374027,0.8086550277573914,16,18,2,14,27,26,1
-0.49413644237162735,0.8086550277573914,19,41,4,21,27,1,2
0.4232591558459151,1.7883373163595666,17,33,2,211,0,20,0
0.38163798761979406,1.7883373163595666,14,35,8,230,14,10,4
-4.08974779138618,-1.150709549446959,15,18,2,196,35,0,2
0.3571404105351608,0.8086550277573914,17,33,5,21,30,5,2
0.39923191948630415,1.7883373163595666,18,35,14,98,34,13,0
0.36236996164727253,1.7883373163595666,17,44,8,217,37,0,2
0.4201022926745794,-1.150709549446959,15,33,32,135,6,1,4
0.34580440187445516,-0.1710272608447838,16,10,7,166,23,0,4
0.3632628118371453,-0.1710272608447838,15,34,32,295,34,4,4
0.1927523412015383,-0.1710272608447838,16,44,2,135,27,19,4
-0.4742306662634825,1.7883373163595666,1,34,33,332,37,26,4
0.39198548357028346,-0.1710272608447838,16,13,28,254,25,2,0
-0.671837545786388,0.8086550277573914,17,36,14,54,37,10,4
1.0617028447417896,0.8086550277573914,20,33,19,15,34,10,4
-0.4933073671953169,1.7883373163595666,15,36,35,21,25,0,2
-4.446983529855618,1.7883373163595666,17,33,19,132,37,0,4
-2.9322631827365195,-2.130391838049134,2,54,2,246,25,27,1
0.17251971814888645,-0.1710272608447838,16,33,5,21,37,19,4
0.22039083770411672,1.7883373163595666,14,36,5,238,34,0,4
0.3980441098587056,-0.1710272608447838,16,35,33,21,37,11,4
-0.49745274307686893,1.7883373163595666,16,56,14,117,37,4,4
0.37138615418964815,-1.150709549446959,16,57,19,128,31,9,4
0.3629200211392477,1.7883373163595666,16,36,33,107,6,1,2
0.3577622169173936,0.8086550277573914,16,36,30,329,37,20,0
0.3747981174152333,-1.150709549446959,15,0,10,40,27,27,1
-1.5374717486213976,0.8086550277573914,16,35,22,187,34,0,4
0.23884573225371838,-0.1710272608447838,2,20,33,115,25,1,4
0.28356796051430816,-1.150709549446959,9,36,6,128,31,4,4
0.34553335806681523,1.7883373163595666,15,7,10,277,34,20,4
-1.5327842851245657,-2.130391838049134,15,34,8,15,35,10,4
0.15049342283979383,-0.1710272608447838,2,41,32,21,37,24,0
0.3914035365715271,-0.1710272608447838,2,22,5,332,25,0,2
0.4075705025095799,0.8086550277573914,17,9,32,147,25,5,2
1.0668287614568623,-0.1710272608447838,17,28,2,305,14,16,4
0.16280997233402045,-1.150709549446959,18,33,8,59,25,0,0
0.3805697561426249,-1.150709549446959,14,34,13,137,37,10,2
0.27491847429991606,0.8086550277573914,18,19,2,21,25,0,2
0.453337046617253,-1.150709549446959,15,8,25,268,27,0,4
0.3574672574796678,-2.130391838049134,9,42,14,332,37,4,4
-0.4422315532085792,0.8086550277573914,17,23,33,202,14,1,2
1.158808274767145,-1.150709549446959,15,0,28,332,27,4,0
-1.5327842851245657,0.8086550277573914,17,9,2,51,27,2,0
0.3912201834075354,-0.1710272608447838,4,51,2,285,27,10,4
0.3628562461256854,-0.1710272608447838,18,14,8,27,37,5,0
0.15955744664234117,0.8086550277573914,5,33,5,164,27,26,2
-2.1106098236294373,-0.1710272608447838,15,35,25,332,25,10,2
0.3834396317529301,-0.1710272608447838,6,35,2,254,27,8,0
0.39043893949139674,1.7883373163595666,14,7,5,83,37,26,4
1.305482834083828,-1.150709549446959,14,35,9,223,27,26,4
-2.139723117320645,-0.1710272608447838,17,36,2,80,25,20,2
0.19734414217802668,-0.1710272608447838,2,35,9,152,14,1,4
0.176489712743142,-0.1710272608447838,15,25,2,21,27,0,4
-2.9322631827365195,-0.1710272608447838,2,53,2,246,25,9,1
0.39043893949139674,-0.1710272608447838,14,36,8,268,25,10,4
0.17094925843991388,-1.150709549446959,2,32,33,235,25,1,2
1.2806026069178207,-1.150709549446959,15,1,9,332,19,3,4
-1.367901959435835,-0.1710272608447838,14,33,8,136,6,6,4
0.31555910169251616,0.8086550277573914,17,41,5,332,27,0,1
0.38390200060125707,-2.130391838049134,14,35,25,157,25,2,4
0.3812234500316388,-0.1710272608447838,16,36,33,187,6,10,4
0.16351149748320615,-1.150709549446959,14,47,8,0,37,5,4
0.18175115136203493,-1.150709549446959,15,18,35,98,25,26,4
0.4188188205266373,0.8086550277573914,18,28,21,106,27,20,0
-1.5516537172623226,0.8086550277573914,7,35,14,343,25,0,0
1.1319829096874865,-2.130391838049134,4,57,8,221,34,5,0
1.2954063819409785,-0.1710272608447838,14,19,21,254,27,0,4
0.3956366030967273,-0.1710272608447838,16,34,30,268,27,20,4
1.2508196755842087,-0.1710272608447838,18,34,2,60,37,21,2
0.25567436395748044,1.7883373163595666,16,34,17,42,34,1,4
-0.4764468479847737,0.8086550277573914,16,18,5,21,27,2,2
-1.3609425110808449,-1.150709549446959,18,36,28,21,27,0,4
-0.4664341708554866,-0.1710272608447838,18,34,21,254,25,10,4
0.4068052023468318,0.8086550277573914,2,31,28,221,34,5,4
0.15919871219105303,0.8086550277573914,15,20,8,332,27,28,3
0.36374112443886286,0.8086550277573914,17,15,28,59,27,12,4
-1.3567333601857305,0.8086550277573914,15,36,5,21,27,10,4
-1.4066373082982604,0.8086550277573914,14,35,25,91,27,0,2
-0.4560308717681302,1.7883373163595666,2,43,8,332,25,10,4
1.0421717468383234,-0.1710272608447838,18,42,21,78,14,3,4
-2.8121588884452455,0.8086550277573914,16,8,9,205,31,10,4
0.36403608387658865,-0.1710272608447838,15,33,33,219,37,26,2
0.16623787931299613,-0.1710272608447838,16,35,33,31,37,26,0
1.0596381286777088,0.8086550277573914,18,35,2,21,27,0,2
1.0617028447417896,-1.150709549446959,20,10,8,17,37,0,4
0.17396262783073435,-0.1710272608447838,17,33,2,68,25,9,0
0.42021389894831346,1.7883373163595666,18,37,1,163,34,0,4
1.27117187678729,-0.1710272608447838,16,21,33,332,37,26,0
0.4068052023468318,-0.1710272608447838,5,29,33,21,34,1,4
0.15101956670168312,-0.1710272608447838,18,0,14,147,37,26,4
1.2508196755842087,0.8086550277573914,16,42,33,54,23,21,0
-1.3930851179162635,0.8086550277573914,18,22,2,21,27,10,1
1.2886701461334564,0.8086550277573914,15,43,7,6,37,0,4
-1.5392335333710572,1.7883373163595666,16,8,14,181,34,7,4
0.40866264961683496,-0.1710272608447838,17,35,28,21,27,22,4
-1.5357259076251286,-0.1710272608447838,19,35,2,102,0,20,2
0.41111001576228967,-0.1710272608447838,20,29,5,267,34,0,1
-0.49745274307686893,0.8086550277573914,5,36,8,37,25,5,0
1.05939897237685,-1.150709549446959,15,44,14,332,34,19,4
-2.2842851293130755,-1.150709549446959,17,21,33,258,25,20,0
0.17610706266176798,0.8086550277573914,15,9,8,332,25,20,3
0.41849994545882563,-1.150709549446959,14,8,22,24,25,25,0
-0.6826075512017279,-2.130391838049134,19,19,21,254,27,2,0
-1.3331924083045323,-1.150709549446959,15,0,8,332,27,0,1
-2.1396035391702153,0.8086550277573914,16,33,6,21,27,0,2
0.38183728453717636,-0.1710272608447838,16,0,13,88,27,0,0
1.0559471497677884,-0.1710272608447838,2,3,8,254,14,4,0
-0.5171751660210221,0.8086550277573914,9,33,14,248,6,1,1
1.0572864250525975,1.7883373163595666,18,18,5,21,25,0,2
0.38876484538538536,-0.1710272608447838,20,35,28,229,25,10,4
0.3962584094789601,0.8086550277573914,2,41,8,81,37,0,2
0.35719621367202786,1.7883373163595666,17,7,8,42,27,10,4
0.36031321745988715,-2.130391838049134,19,44,33,221,27,2,0
-1.5562774057455921,-0.1710272608447838,15,41,7,205,37,0,0
1.1316879502497605,-1.150709549446959,16,35,28,254,27,20,4
0.2748546992863537,-0.1710272608447838,15,42,2,21,25,1,2
0.1916362784641974,-0.1710272608447838,14,35,13,332,30,13,0
1.1319829096874865,1.7883373163595666,11,21,2,97,34,2,4
0.37510902060634965,-0.1710272608447838,15,34,28,268,25,1,4
-0.4644491735583588,-1.150709549446959,16,35,14,115,27,12,4
0.3812234500316388,-1.150709549446959,18,41,2,21,25,5,0
-2.1646272601167382,0.8086550277573914,15,33,8,136,6,0,4
1.1594221092726824,1.7883373163595666,9,49,29,196,37,4,4
0.2763294964749828,-0.1710272608447838,18,33,33,21,34,1,2
0.15459096746117407,0.8086550277573914,14,8,10,274,0,5,0
0.42293230890140815,0.8086550277573914,17,34,2,119,37,0,4
-4.1114870991342425,-0.1710272608447838,19,1,6,93,27,0,2
-1.3438667511995288,-0.1710272608447838,18,34,19,172,16,0,2
-0.5946139762390915,1.7883373163595666,19,7,5,3,34,9,4
-0.5946139762390915,-0.1710272608447838,15,41,32,21,37,26,1
0.23291465599242092,-0.1710272608447838,15,31,32,84,25,2,4
0.3905505457651308,0.8086550277573914,15,34,2,84,27,2,4
0.384691216394091,-1.150709549446959,14,8,14,315,27,20,4
0.156552049128216,1.7883373163595666,2,41,8,110,27,5,4
0.16391806319466606,-1.150709549446959,15,26,2,229,37,4,4
0.3829294316444314,1.7883373163595666,2,42,8,54,25,20,0
0.3902874738341862,0.8086550277573914,19,50,28,255,34,9,4
0.17247985876541,0.8086550277573914,9,44,2,177,37,0,4
0.15266974517760865,-0.1710272608447838,18,35,8,115,27,11,4
-1.3609425110808449,-0.1710272608447838,15,33,33,324,27,10,4
0.3921608648575799,-0.1710272608447838,17,35,33,221,37,26,0
0.35492422881386954,1.7883373163595666,15,34,8,42,37,1,4
0.4022612326305152,0.8086550277573914,9,33,4,215,37,0,1
0.17247985876541,-0.1710272608447838,15,15,21,197,27,20,4
1.0728395564851128,0.8086550277573914,19,24,35,21,37,27,1
-0.674021840000898,0.8086550277573914,15,57,22,49,27,0,4
0.28356796051430816,-0.1710272608447838,16,41,14,332,14,26,2
-0.6528485354982018,0.8086550277573914,10,0,6,332,37,26,2
-0.6785100065803477,0.8086550277573914,4,35,35,21,25,0,2
0.2168991557115787,0.8086550277573914,2,26,5,21,34,1,2
0.4201022926745794,-2.130391838049134,15,34,13,41,27,12,4
0.3948075279204169,-1.150709549446959,15,35,28,254,27,0,4
0.25567436395748044,1.7883373163595666,2,9,8,268,27,20,4
0.3925754024457351,-1.150709549446959,16,22,14,332,37,20,3
-1.5677808238168989,-1.150709549446959,14,38,8,136,31,4,4
0.29279939372745667,0.8086550277573914,16,33,2,21,25,0,2
0.39096508335328606,-1.150709549446959,15,7,5,295,27,27,0
0.17228056184802767,-0.1710272608447838,7,35,28,49,27,10,4
0.4188188205266373,-0.1710272608447838,16,25,35,9,27,0,1
0.3806733905396637,1.7883373163595666,14,7,14,112,25,0,4
1.0373168739308904,0.8086550277573914,16,7,8,237,37,26,4
0.32490214117939875,1.7883373163595666,15,33,4,75,35,24,2
1.0492109139602666,0.8086550277573914,16,8,22,332,6,5,4
0.15955744664234117,-0.1710272608447838,19,34,21,115,21,0,0
0.40793720883756335,-0.1710272608447838,16,43,28,268,27,0,4
-0.4742306662634825,0.8086550277573914,14,50,2,332,11,0,4
-1.3731394824246421,-0.1710272608447838,18,15,5,277,6,1,4
-0.46908880579501894,1.7883373163595666,17,7,14,79,6,20,4
0.2748546992863537,0.8086550277573914,15,33,5,128,34,9,4
0.384691216394091,0.8086550277573914,2,21,5,333,27,9,2
-1.395939049773178,0.8086550277573914,19,41,2,154,27,0,2
-0.5041252038708286,-0.1710272608447838,15,33,21,238,37,4,2
0.4069885555108236,-1.150709549446959,17,20,28,332,37,26,4
-0.6626459719567159,-0.1710272608447838,5,35,21,76,0,20,4
0.16608641365578558,-0.1710272608447838,2,22,4,21,37,1,0
-0.4850564748156894,0.8086550277573914,16,35,21,113,0,12,0
1.321442531227803,-0.1710272608447838,16,7,9,216,6,0,4
0.390446911368092,-1.150709549446959,18,33,32,259,25,10,0
0.18589652724358693,0.8086550277573914,16,14,33,332,25,26,4
1.066980227114073,-1.150709549446959,17,18,30,187,37,1,4
0.42182421804076253,-0.1710272608447838,16,42,25,162,37,0,4
0.42021389894831346,-1.150709549446959,17,33,2,332,25,0,2
1.0736447160313374,-2.130391838049134,2,18,33,21,25,26,1
1.0695950026701289,-0.1710272608447838,15,35,14,115,25,0,4
0.2779398155674318,1.7883373163595666,16,33,2,147,27,24,4
0.41995082701736886,0.8086550277573914,17,34,8,165,37,10,4
0.19250521302398424,-0.1710272608447838,16,34,6,34,27,1,0
-2.1396035391702153,-0.1710272608447838,2,34,32,254,27,12,4
-1.3438667511995288,-0.1710272608447838,18,22,14,172,16,0,0
0.18175115136203493,0.8086550277573914,19,35,28,254,27,0,0
0.35719621367202786,-1.150709549446959,15,27,30,115,27,13,2
-0.4422315532085792,-0.1710272608447838,2,32,8,21,25,10,1
-0.4899830946133801,-1.150709549446959,15,10,25,332,37,1,4
0.15845732765839085,-0.1710272608447838,17,39,32,221,27,12,4
-0.4916093574592197,-0.1710272608447838,9,35,26,98,34,20,4
-1.3818527436525967,-1.150709549446959,14,44,2,1,37,0,0
2.174521028267727,-1.150709549446959,18,33,32,229,37,0,1
1.037715467765655,-1.150709549446959,19,52,11,242,27,0,2
0.381909031427434,-0.1710272608447838,14,57,25,336,37,0,0
0.198771108106484,0.8086550277573914,20,25,5,34,27,1,1
0.4199189395105877,0.8086550277573914,16,41,32,21,37,1,2
0.2779398155674318,-0.1710272608447838,9,34,5,9,27,0,2
0.32490214117939875,0.8086550277573914,15,7,33,21,29,10,2
0.1534270734636614,-0.1710272608447838,16,35,21,285,27,20,2
-1.3930851179162635,0.8086550277573914,14,7,8,187,27,0,0
0.3980999129955726,-0.1710272608447838,17,42,5,21,25,20,2
